Cultivo,Año,Mes,Ivf
Berenjena,2015,12,3.88
Brocolí,2015,12,39.05
Calabacita,2015,12,109.13
Cebolla,2015,12,86.09
Chile verde,2015,12,134.97
Coliflor,2015,12,98.96
Durazno,2015,12,13.04
EspÃ¡rrago,2015,12,302.45
Frambuesa,2015,12,836.66
Fresa,2015,12,87.19
Frijol,2015,12,184.77
Garbanzo grano,2015,12,1.35
Guayaba,2015,12,108.35
Lechuga,2015,12,58.85
Limón,2015,12,121.63
Mango,2015,12,20.58
Manzana,2015,12,8.15
Melón,2015,12,56.91
Naranja,2015,12,108.62
Nopalitos,2015,12,92.16
Nuez,2015,12,754.94
Papa,2015,12,41.03
Papaya,2015,12,140.91
Pepino,2015,12,42.34
Pera,2015,12,15.33
PiÃ±a,2015,12,90.13
PlÃ¡tano,2015,12,102.09
SandÃ­a,2015,12,54.32
Tomate rojo (jitomate),2015,12,114.71
Tomate verde,2015,12,102.69
Toronja (pomelo),2015,12,129.42
Uva,2015,12,1.34
Zarzamora,2015,12,60.15
Berenjena,2015,11,18.13
Brocolí,2015,11,113.1
Calabacita,2015,11,99.88
Cebolla,2015,11,102.97
Chile verde,2015,11,173.02
Coliflor,2015,11,60.54
Durazno,2015,11,31.01
EspÃ¡rrago,2015,11,119.64
Frambuesa,2015,11,99.1
Fresa,2015,11,60.92
Frijol,2015,11,309.73
Garbanzo grano,2015,11,3.18
Guayaba,2015,11,179.69
Lechuga,2015,11,115.03
Limón,2015,11,149.79
Mango,2015,11,5.71
Manzana,2015,11,2.42
Melón,2015,11,59.45
Naranja,2015,11,155.2
Nopalitos,2015,11,65.11
Nuez,2015,11,337.99
Papa,2015,11,148.74
Papaya,2015,11,140.99
Pepino,2015,11,72.15
Pera,2015,11,16.39
PiÃ±a,2015,11,69.45
PlÃ¡tano,2015,11,97.67
SandÃ­a,2015,11,52.91
Tomate rojo (jitomate),2015,11,149.56
Tomate verde,2015,11,89.41
Toronja (pomelo),2015,11,126.39
Uva,2015,11,16.72
Zarzamora,2015,11,96.86
Berenjena,2015,10,4.38
Brocolí,2015,10,96.41
Calabacita,2015,10,114.04
Cebolla,2015,10,78.81
Chile verde,2015,10,193.28
Coliflor,2015,10,173.39
Durazno,2015,10,210.7
EspÃ¡rrago,2015,10,19.26
Frambuesa,2015,10,57.15
Fresa,2015,10,23.76
Frijol,2015,10,82.4
Garbanzo grano,2015,10,0.82
Guayaba,2015,10,182.58
Lechuga,2015,10,90.2
Limón,2015,10,157.03
Mango,2015,10,15.41
Manzana,2015,10,144.09
Melón,2015,10,54.46
Naranja,2015,10,103.39
Nopalitos,2015,10,82.21
Nuez,2015,10,216.94
Papa,2015,10,150.12
Papaya,2015,10,101.83
Pepino,2015,10,117.67
Pera,2015,10,336.86
PiÃ±a,2015,10,60.39
PlÃ¡tano,2015,10,118.92
SandÃ­a,2015,10,58.41
Tomate rojo (jitomate),2015,10,230.73
Tomate verde,2015,10,140.06
Toronja (pomelo),2015,10,221.87
Uva,2015,10,48.07
Zarzamora,2015,10,44.02
Berenjena,2015,9,4.17
Brocolí,2015,9,162.73
Calabacita,2015,9,92.35
Cebolla,2015,9,158.77
Chile verde,2015,9,209.42
Coliflor,2015,9,151.7
Durazno,2015,9,110.84
EspÃ¡rrago,2015,9,29.72
Frambuesa,2015,9,19
Fresa,2015,9,10.24
Frijol,2015,9,39.15
Garbanzo grano,2015,9,0.09
Guayaba,2015,9,123.95
Lechuga,2015,9,143.65
Limón,2015,9,112.37
Mango,2015,9,51.3
Manzana,2015,9,529.28
Melón,2015,9,79.63
Naranja,2015,9,29.11
Nopalitos,2015,9,60.47
Nuez,2015,9,6.37
Papa,2015,9,42.19
Papaya,2015,9,105.37
Pepino,2015,9,67.91
Pera,2015,9,134.87
PiÃ±a,2015,9,98.47
PlÃ¡tano,2015,9,96.86
SandÃ­a,2015,9,67.75
Tomate rojo (jitomate),2015,9,144.73
Tomate verde,2015,9,106.44
Toronja (pomelo),2015,9,88.61
Uva,2015,9,102.44
Zarzamora,2015,9,122.72
Berenjena,2015,8,12.83
Brocolí,2015,8,133.76
Calabacita,2015,8,100.47
Cebolla,2015,8,105.88
Chile verde,2015,8,83.95
Coliflor,2015,8,115.09
Durazno,2015,8,337.43
EspÃ¡rrago,2015,8,53.22
Frambuesa,2015,8,29.68
Fresa,2015,8,24.18
Frijol,2015,8,26.77
Garbanzo grano,2015,8,0.24
Guayaba,2015,8,90.52
Lechuga,2015,8,139.67
Limón,2015,8,130.1
Mango,2015,8,100.36
Manzana,2015,8,337.97
Melón,2015,8,72.45
Naranja,2015,8,33.31
Nopalitos,2015,8,65.07
Nuez,2015,8,1.79
Papa,2015,8,64.72
Papaya,2015,8,104.18
Pepino,2015,8,43.2
Pera,2015,8,138.57
PiÃ±a,2015,8,143.81
PlÃ¡tano,2015,8,99.97
SandÃ­a,2015,8,70.31
Tomate rojo (jitomate),2015,8,94.44
Tomate verde,2015,8,136.18
Toronja (pomelo),2015,8,38.82
Uva,2015,8,26.5
Zarzamora,2015,8,34.39
Berenjena,2015,7,135.65
Brocolí,2015,7,43.35
Calabacita,2015,7,92.25
Cebolla,2015,7,45.33
Chile verde,2015,7,151.78
Coliflor,2015,7,107.7
Durazno,2015,7,146.95
EspÃ¡rrago,2015,7,42.61
Frambuesa,2015,7,0.25
Fresa,2015,7,31.39
Frijol,2015,7,5.42
Garbanzo grano,2015,7,33.45
Guayaba,2015,7,67.26
Lechuga,2015,7,169.7
Limón,2015,7,179.57
Mango,2015,7,211.32
Manzana,2015,7,10.78
Melón,2015,7,103.44
Naranja,2015,7,37.21
Nopalitos,2015,7,73.59
Nuez,2015,7,0
Papa,2015,7,56.95
Papaya,2015,7,120.63
Pepino,2015,7,36.14
Pera,2015,7,199.64
PiÃ±a,2015,7,169.05
PlÃ¡tano,2015,7,138.77
SandÃ­a,2015,7,77.11
Tomate rojo (jitomate),2015,7,69.13
Tomate verde,2015,7,106.38
Toronja (pomelo),2015,7,81.55
Uva,2015,7,274.19
Zarzamora,2015,7,7.98
Berenjena,2015,6,1.15
Brocolí,2015,6,60.98
Calabacita,2015,6,72.2
Cebolla,2015,6,104.39
Chile verde,2015,6,40.31
Coliflor,2015,6,62.51
Durazno,2015,6,147.73
EspÃ¡rrago,2015,6,44.04
Frambuesa,2015,6,1.2
Fresa,2015,6,464.2
Frijol,2015,6,12.84
Garbanzo grano,2015,6,88.96
Guayaba,2015,6,111.59
Lechuga,2015,6,56.35
Limón,2015,6,138.63
Mango,2015,6,303.02
Manzana,2015,6,1.32
Melón,2015,6,64.06
Naranja,2015,6,109.6
Nopalitos,2015,6,155.32
Nuez,2015,6,0
Papa,2015,6,88.51
Papaya,2015,6,158.23
Pepino,2015,6,71.51
Pera,2015,6,170.38
PiÃ±a,2015,6,199.26
PlÃ¡tano,2015,6,136.68
SandÃ­a,2015,6,153.83
Tomate rojo (jitomate),2015,6,106.37
Tomate verde,2015,6,47.67
Toronja (pomelo),2015,6,63.63
Uva,2015,6,676.21
Zarzamora,2015,6,41.71
Berenjena,2015,5,15.67
Brocolí,2015,5,93.93
Calabacita,2015,5,95.2
Cebolla,2015,5,153.81
Chile verde,2015,5,98.7
Coliflor,2015,5,187.52
Durazno,2015,5,55.61
EspÃ¡rrago,2015,5,92.91
Frambuesa,2015,5,102.63
Fresa,2015,5,156.76
Frijol,2015,5,16.47
Garbanzo grano,2015,5,107.69
Guayaba,2015,5,79.17
Lechuga,2015,5,51.3
Limón,2015,5,98.88
Mango,2015,5,251.29
Manzana,2015,5,0
Melón,2015,5,121.37
Naranja,2015,5,71.3
Nopalitos,2015,5,147.46
Nuez,2015,5,0
Papa,2015,5,99.63
Papaya,2015,5,136.62
Pepino,2015,5,152.45
Pera,2015,5,109.88
PiÃ±a,2015,5,102.91
PlÃ¡tano,2015,5,105.07
SandÃ­a,2015,5,139.77
Tomate rojo (jitomate),2015,5,85.23
Tomate verde,2015,5,122.28
Toronja (pomelo),2015,5,140.35
Uva,2015,5,120.06
Zarzamora,2015,5,597.95
Berenjena,2015,4,361.01
Brocolí,2015,4,230.2
Calabacita,2015,4,188.77
Cebolla,2015,4,190.15
Chile verde,2015,4,78.86
Coliflor,2015,4,115.33
Durazno,2015,4,36.08
EspÃ¡rrago,2015,4,397.63
Frambuesa,2015,4,26.39
Fresa,2015,4,82.1
Frijol,2015,4,28.7
Garbanzo grano,2015,4,356.87
Guayaba,2015,4,89.04
Lechuga,2015,4,159.7
Limón,2015,4,112.7
Mango,2015,4,176.15
Manzana,2015,4,0
Melón,2015,4,156.01
Naranja,2015,4,159.18
Nopalitos,2015,4,205.57
Nuez,2015,4,0
Papa,2015,4,190.3
Papaya,2015,4,109.32
Pepino,2015,4,181.82
Pera,2015,4,55.88
PiÃ±a,2015,4,131.81
PlÃ¡tano,2015,4,93.48
SandÃ­a,2015,4,226.82
Tomate rojo (jitomate),2015,4,129.3
Tomate verde,2015,4,113.19
Toronja (pomelo),2015,4,117.96
Uva,2015,4,0
Zarzamora,2015,4,178.2
Berenjena,2015,3,36.16
Brocolí,2015,3,183.42
Calabacita,2015,3,150.58
Cebolla,2015,3,134.2
Chile verde,2015,3,80.1
Coliflor,2015,3,88.86
Durazno,2015,3,185.76
EspÃ¡rrago,2015,3,148.85
Frambuesa,2015,3,75.43
Fresa,2015,3,64.32
Frijol,2015,3,91.19
Garbanzo grano,2015,3,62.93
Guayaba,2015,3,72.68
Lechuga,2015,3,103.4
Limón,2015,3,56.44
Mango,2015,3,85
Manzana,2015,3,0
Melón,2015,3,274.59
Naranja,2015,3,235.77
Nopalitos,2015,3,110.93
Nuez,2015,3,0
Papa,2015,3,138.15
Papaya,2015,3,127.6
Pepino,2015,3,171.26
Pera,2015,3,0
PiÃ±a,2015,3,124.77
PlÃ¡tano,2015,3,88.71
SandÃ­a,2015,3,177.45
Tomate rojo (jitomate),2015,3,94.23
Tomate verde,2015,3,120.76
Toronja (pomelo),2015,3,102.59
Uva,2015,3,0
Zarzamora,2015,3,59.57
Berenjena,2015,2,304.42
Brocolí,2015,2,68.77
Calabacita,2015,2,131.37
Cebolla,2015,2,120.29
Chile verde,2015,2,98.21
Coliflor,2015,2,149.71
Durazno,2015,2,18.55
EspÃ¡rrago,2015,2,313.2
Frambuesa,2015,2,12.77
Fresa,2015,2,34.63
Frijol,2015,2,119.63
Garbanzo grano,2015,2,31.11
Guayaba,2015,2,68.46
Lechuga,2015,2,148.3
Limón,2015,2,49.74
Mango,2015,2,60.24
Manzana,2015,2,0
Melón,2015,2,31.64
Naranja,2015,2,144.63
Nopalitos,2015,2,120.35
Nuez,2015,2,0
Papa,2015,2,173.51
Papaya,2015,2,121.45
Pepino,2015,2,183.63
Pera,2015,2,0
PiÃ±a,2015,2,78.86
PlÃ¡tano,2015,2,96.65
SandÃ­a,2015,2,118.87
Tomate rojo (jitomate),2015,2,142.68
Tomate verde,2015,2,147.31
Toronja (pomelo),2015,2,96.92
Uva,2015,2,0
Zarzamora,2015,2,30.61
Berenjena,2015,1,204.48
Brocolí,2015,1,53.02
Calabacita,2015,1,97.65
Cebolla,2015,1,72.68
Chile verde,2015,1,134.38
Coliflor,2015,1,87.12
Durazno,2015,1,4.87
EspÃ¡rrago,2015,1,109.38
Frambuesa,2015,1,56.14
Fresa,2015,1,67.19
Frijol,2015,1,40.84
Garbanzo grano,2015,1,0.12
Guayaba,2015,1,18.5
Lechuga,2015,1,128.76
Limón,2015,1,55.76
Mango,2015,1,29.79
Manzana,2015,1,0.07
Melón,2015,1,129.47
Naranja,2015,1,96.21
Nopalitos,2015,1,13.53
Nuez,2015,1,0
Papa,2015,1,38.7
Papaya,2015,1,98.49
Pepino,2015,1,170.24
Pera,2015,1,3.19
PiÃ±a,2015,1,76.21
PlÃ¡tano,2015,1,81.78
SandÃ­a,2015,1,77.76
Tomate rojo (jitomate),2015,1,83.21
Tomate verde,2015,1,167.12
Toronja (pomelo),2015,1,47.11
Uva,2015,1,0
Zarzamora,2015,1,47.07
Berenjena,2016,12,14.21
Brocolí,2016,12,72.4
Calabacita,2016,12,182.63
Cebolla,2016,12,65.53
Chile verde,2016,12,189.21
Coliflor,2016,12,29.94
Durazno,2016,12,0
EspÃ¡rrago,2016,12,267.88
Frambuesa,2016,12,184.09
Fresa,2016,12,99.29
Frijol,2016,12,152.14
Garbanzo grano,2016,12,0.25
Guayaba,2016,12,157.51
Lechuga,2016,12,65.73
Limón,2016,12,122.77
Mango,2016,12,14.47
Manzana,2016,12,0
Melón,2016,12,61.15
Naranja,2016,12,103.6
Nopalitos,2016,12,87.84
Nuez,2016,12,713.75
Papa,2016,12,44.98
Papaya,2016,12,166.57
Pepino,2016,12,83.77
Pera,2016,12,0
PiÃ±a,2016,12,59.03
PlÃ¡tano,2016,12,137.06
SandÃ­a,2016,12,76.71
Tomate rojo (jitomate),2016,12,124.16
Tomate verde,2016,12,84.17
Toronja (pomelo),2016,12,145.6
Uva,2016,12,0
Zarzamora,2016,12,257.84
Berenjena,2016,11,13.94
Brocolí,2016,11,13.94
Calabacita,2016,11,13.94
Cebolla,2016,11,13.94
Chile verde,2016,11,13.94
Coliflor,2016,11,13.94
Durazno,2016,11,13.94
EspÃ¡rrago,2016,11,13.94
Frambuesa,2016,11,13.94
Fresa,2016,11,13.94
Frijol,2016,11,13.94
Garbanzo grano,2016,11,13.94
Guayaba,2016,11,13.94
Lechuga,2016,11,13.94
Limón,2016,11,13.94
Mango,2016,11,13.94
Manzana,2016,11,13.94
Melón,2016,11,13.94
Naranja,2016,11,13.94
Nopalitos,2016,11,13.94
Nuez,2016,11,13.94
Papa,2016,11,13.94
Papaya,2016,11,13.94
Pepino,2016,11,13.94
Pera,2016,11,13.94
PiÃ±a,2016,11,13.94
PlÃ¡tano,2016,11,13.94
SandÃ­a,2016,11,13.94
Tomate rojo (jitomate),2016,11,13.94
Tomate verde,2016,11,13.94
Toronja (pomelo),2016,11,13.94
Uva,2016,11,13.94
Zarzamora,2016,11,13.94
Berenjena,2016,10,13.56
Brocolí,2016,10,121.04
Calabacita,2016,10,101.53
Cebolla,2016,10,119.73
Chile verde,2016,10,229.41
Coliflor,2016,10,129.7
Durazno,2016,10,128.01
EspÃ¡rrago,2016,10,37.06
Frambuesa,2016,10,723.13
Fresa,2016,10,6.49
Frijol,2016,10,99.46
Garbanzo grano,2016,10,0.61
Guayaba,2016,10,173.36
Lechuga,2016,10,78.7
Limón,2016,10,185.67
Mango,2016,10,3.77
Manzana,2016,10,85.75
Melón,2016,10,54.57
Naranja,2016,10,97.7
Nopalitos,2016,10,70.66
Nuez,2016,10,418.89
Papa,2016,10,154.22
Papaya,2016,10,147.83
Pepino,2016,10,63.08
Pera,2016,10,294.68
PiÃ±a,2016,10,80.69
PlÃ¡tano,2016,10,120.67
SandÃ­a,2016,10,92.89
Tomate rojo (jitomate),2016,10,222.93
Tomate verde,2016,10,115.43
Toronja (pomelo),2016,10,221.07
Uva,2016,10,13.71
Zarzamora,2016,10,87.99
Berenjena,2016,9,2.02
Brocolí,2016,9,156.13
Calabacita,2016,9,82.16
Cebolla,2016,9,141.81
Chile verde,2016,9,179.31
Coliflor,2016,9,195.58
Durazno,2016,9,198.58
EspÃ¡rrago,2016,9,79.14
Frambuesa,2016,9,26.3
Fresa,2016,9,34.13
Frijol,2016,9,52.7
Garbanzo grano,2016,9,0
Guayaba,2016,9,130
Lechuga,2016,9,146.15
Limón,2016,9,107.19
Mango,2016,9,32.94
Manzana,2016,9,639.02
Melón,2016,9,104.4
Naranja,2016,9,39.31
Nopalitos,2016,9,51.31
Nuez,2016,9,5.7
Papa,2016,9,48.09
Papaya,2016,9,120.47
Pepino,2016,9,65.33
Pera,2016,9,383.33
PiÃ±a,2016,9,87.19
PlÃ¡tano,2016,9,105.57
SandÃ­a,2016,9,77.97
Tomate rojo (jitomate),2016,9,155.97
Tomate verde,2016,9,101.71
Toronja (pomelo),2016,9,102.17
Uva,2016,9,129.38
Zarzamora,2016,9,72.04
Berenjena,2016,8,8.36
Brocolí,2016,8,147.44
Calabacita,2016,8,121.67
Cebolla,2016,8,77.87
Chile verde,2016,8,121.93
Coliflor,2016,8,168.89
Durazno,2016,8,285.91
EspÃ¡rrago,2016,8,88.29
Frambuesa,2016,8,44.07
Fresa,2016,8,17.92
Frijol,2016,8,24.14
Garbanzo grano,2016,8,0
Guayaba,2016,8,79.53
Lechuga,2016,8,146.47
Limón,2016,8,161.44
Mango,2016,8,191.02
Manzana,2016,8,224.95
Melón,2016,8,85.07
Naranja,2016,8,38.91
Nopalitos,2016,8,74.47
Nuez,2016,8,2.07
Papa,2016,8,69.67
Papaya,2016,8,124.66
Pepino,2016,8,52.51
Pera,2016,8,178.79
PiÃ±a,2016,8,178.7
PlÃ¡tano,2016,8,119.99
SandÃ­a,2016,8,96.38
Tomate rojo (jitomate),2016,8,87.67
Tomate verde,2016,8,116.52
Toronja (pomelo),2016,8,52.89
Uva,2016,8,20.54
Zarzamora,2016,8,48.27
Berenjena,2016,7,0.45
Brocolí,2016,7,33.42
Calabacita,2016,7,88.07
Cebolla,2016,7,58.79
Chile verde,2016,7,129.74
Coliflor,2016,7,113.89
Durazno,2016,7,219.9
EspÃ¡rrago,2016,7,102.74
Frambuesa,2016,7,0.56
Fresa,2016,7,42.24
Frijol,2016,7,5.55
Garbanzo grano,2016,7,47.09
Guayaba,2016,7,65.51
Lechuga,2016,7,175.01
Limón,2016,7,174.58
Mango,2016,7,236.13
Manzana,2016,7,10.96
Melón,2016,7,69.19
Naranja,2016,7,38.12
Nopalitos,2016,7,92.1
Nuez,2016,7,0
Papa,2016,7,78.7
Papaya,2016,7,138.77
Pepino,2016,7,29.96
Pera,2016,7,113.21
PiÃ±a,2016,7,166.47
PlÃ¡tano,2016,7,140.68
SandÃ­a,2016,7,101.34
Tomate rojo (jitomate),2016,7,64.28
Tomate verde,2016,7,103.13
Toronja (pomelo),2016,7,47.96
Uva,2016,7,268.35
Zarzamora,2016,7,27.36
Berenjena,2016,6,331.07
Brocolí,2016,6,95.29
Calabacita,2016,6,89.69
Cebolla,2016,6,124.92
Chile verde,2016,6,67.01
Coliflor,2016,6,86.7
Durazno,2016,6,93.6
EspÃ¡rrago,2016,6,9.95
Frambuesa,2016,6,137.49
Fresa,2016,6,379.37
Frijol,2016,6,13.04
Garbanzo grano,2016,6,131.77
Guayaba,2016,6,135.19
Lechuga,2016,6,64.31
Limón,2016,6,121.52
Mango,2016,6,340.43
Manzana,2016,6,2.07
Melón,2016,6,90.81
Naranja,2016,6,89.86
Nopalitos,2016,6,148.45
Nuez,2016,6,0
Papa,2016,6,114.84
Papaya,2016,6,144.94
Pepino,2016,6,72.37
Pera,2016,6,81.55
PiÃ±a,2016,6,164.75
PlÃ¡tano,2016,6,145.45
SandÃ­a,2016,6,114.58
Tomate rojo (jitomate),2016,6,120.32
Tomate verde,2016,6,68.97
Toronja (pomelo),2016,6,30.12
Uva,2016,6,586.93
Zarzamora,2016,6,541.21
Berenjena,2016,5,440.19
Brocolí,2016,5,88.29
Calabacita,2016,5,131.92
Cebolla,2016,5,130.97
Chile verde,2016,5,86.76
Coliflor,2016,5,139.62
Durazno,2016,5,83.4
EspÃ¡rrago,2016,5,13.02
Frambuesa,2016,5,116.21
Fresa,2016,5,185.24
Frijol,2016,5,15.67
Garbanzo grano,2016,5,115.55
Guayaba,2016,5,81.51
Lechuga,2016,5,55.18
Limón,2016,5,113.98
Mango,2016,5,204.36
Manzana,2016,5,0
Melón,2016,5,147.5
Naranja,2016,5,126.34
Nopalitos,2016,5,159.02
Nuez,2016,5,0
Papa,2016,5,85.91
Papaya,2016,5,135.49
Pepino,2016,5,198.38
Pera,2016,5,50.43
PiÃ±a,2016,5,116.62
PlÃ¡tano,2016,5,101.64
SandÃ­a,2016,5,241.63
Tomate rojo (jitomate),2016,5,147.35
Tomate verde,2016,5,147.82
Toronja (pomelo),2016,5,134.41
Uva,2016,5,164.02
Zarzamora,2016,5,231.82
Berenjena,2016,4,521.47
Brocolí,2016,4,249.5
Calabacita,2016,4,145.01
Cebolla,2016,4,199.09
Chile verde,2016,4,103.96
Coliflor,2016,4,200.63
Durazno,2016,4,27.44
EspÃ¡rrago,2016,4,373.58
Frambuesa,2016,4,116.15
Fresa,2016,4,70.54
Frijol,2016,4,35.48
Garbanzo grano,2016,4,165.19
Guayaba,2016,4,94.93
Lechuga,2016,4,122.15
Limón,2016,4,73.19
Mango,2016,4,187.44
Manzana,2016,4,0
Melón,2016,4,176.11
Naranja,2016,4,162.07
Nopalitos,2016,4,190.3
Nuez,2016,4,0
Papa,2016,4,206.07
Papaya,2016,4,123.71
Pepino,2016,4,134.54
Pera,2016,4,35.1
PiÃ±a,2016,4,146.03
PlÃ¡tano,2016,4,89.62
SandÃ­a,2016,4,215.78
Tomate rojo (jitomate),2016,4,121.92
Tomate verde,2016,4,154.71
Toronja (pomelo),2016,4,119.69
Uva,2016,4,0
Zarzamora,2016,4,215.43
Berenjena,2016,3,232.6
Brocolí,2016,3,196.19
Calabacita,2016,3,128.35
Cebolla,2016,3,115.38
Chile verde,2016,3,55.15
Coliflor,2016,3,74.33
Durazno,2016,3,151.72
EspÃ¡rrago,2016,3,362.03
Frambuesa,2016,3,113.33
Fresa,2016,3,68.92
Frijol,2016,3,67.57
Garbanzo grano,2016,3,111.62
Guayaba,2016,3,87.61
Lechuga,2016,3,92.25
Limón,2016,3,38
Mango,2016,3,89.81
Manzana,2016,3,0
Melón,2016,3,280.52
Naranja,2016,3,232.52
Nopalitos,2016,3,81.85
Nuez,2016,3,0
Papa,2016,3,160.38
Papaya,2016,3,130.1
Pepino,2016,3,172.62
Pera,2016,3,0
PiÃ±a,2016,3,124.36
PlÃ¡tano,2016,3,95.14
SandÃ­a,2016,3,159.95
Tomate rojo (jitomate),2016,3,60.19
Tomate verde,2016,3,147.7
Toronja (pomelo),2016,3,105.2
Uva,2016,3,0
Zarzamora,2016,3,177.83
Berenjena,2016,2,692.71
Brocolí,2016,2,87.6
Calabacita,2016,2,178.94
Cebolla,2016,2,96.64
Chile verde,2016,2,90.54
Coliflor,2016,2,220.79
Durazno,2016,2,11.91
EspÃ¡rrago,2016,2,320.66
Frambuesa,2016,2,71.41
Fresa,2016,2,40.74
Frijol,2016,2,166.62
Garbanzo grano,2016,2,13.7
Guayaba,2016,2,66.44
Lechuga,2016,2,216.16
Limón,2016,2,56.99
Mango,2016,2,76.69
Manzana,2016,2,0
Melón,2016,2,52.94
Naranja,2016,2,152.37
Nopalitos,2016,2,97.52
Nuez,2016,2,0
Papa,2016,2,162.94
Papaya,2016,2,115.98
Pepino,2016,2,355.86
Pera,2016,2,0
PiÃ±a,2016,2,85.24
PlÃ¡tano,2016,2,93.54
SandÃ­a,2016,2,138.21
Tomate rojo (jitomate),2016,2,103.17
Tomate verde,2016,2,97.73
Toronja (pomelo),2016,2,126.3
Uva,2016,2,0
Zarzamora,2016,2,99.24
Berenjena,2016,1,301.74
Brocolí,2016,1,50.36
Calabacita,2016,1,80.72
Cebolla,2016,1,120.26
Chile verde,2016,1,115.71
Coliflor,2016,1,18.4
Durazno,2016,1,3.85
EspÃ¡rrago,2016,1,235.78
Frambuesa,2016,1,77.53
Fresa,2016,1,52.29
Frijol,2016,1,38.71
Garbanzo grano,2016,1,0.77
Guayaba,2016,1,17.31
Lechuga,2016,1,146.59
Limón,2016,1,68.94
Mango,2016,1,32.58
Manzana,2016,1,0
Melón,2016,1,109.39
Naranja,2016,1,111.85
Nopalitos,2016,1,29.61
Nuez,2016,1,0
Papa,2016,1,34.36
Papaya,2016,1,116.31
Pepino,2016,1,149.94
Pera,2016,1,0
PiÃ±a,2016,1,71.94
PlÃ¡tano,2016,1,82.3
SandÃ­a,2016,1,36.93
Tomate rojo (jitomate),2016,1,116.5
Tomate verde,2016,1,163.47
Toronja (pomelo),2016,1,40.82
Uva,2016,1,0
Zarzamora,2016,1,97.14
Berenjena,2017,12,396.2
Brocolí,2017,12,69.9
Calabacita,2017,12,171
Cebolla,2017,12,96.8
Chile verde,2017,12,181.7
Coliflor,2017,12,39.8
Durazno,2017,12,9.9
EspÃ¡rrago,2017,12,244.9
Frambuesa,2017,12,367.8
Fresa,2017,12,106.4
Frijol,2017,12,168.5
Garbanzo grano,2017,12,0.4
Guayaba,2017,12,138.3
Lechuga,2017,12,71.5
Limón,2017,12,148.9
Mango,2017,12,3.3
Manzana,2017,12,0
Melón,2017,12,88.2
Naranja,2017,12,112.6
Nopalitos,2017,12,63.1
Nuez,2017,12,637.4
Papa,2017,12,45.7
Papaya,2017,12,123
Pepino,2017,12,144.7
Pera,2017,12,0
PiÃ±a,2017,12,99.4
PlÃ¡tano,2017,12,99
SandÃ­a,2017,12,75.8
Tomate rojo (jitomate),2017,12,138.6
Tomate verde,2017,12,92.6
Toronja (pomelo),2017,12,172.3
Uva,2017,12,0
Zarzamora,2017,12,266.5
Berenjena,2017,11,53.7
Brocolí,2017,11,142.9
Calabacita,2017,11,89.1
Cebolla,2017,11,106
Chile verde,2017,11,224.6
Coliflor,2017,11,159.8
Durazno,2017,11,21.9
EspÃ¡rrago,2017,11,127
Frambuesa,2017,11,278.3
Fresa,2017,11,143.4
Frijol,2017,11,357.4
Garbanzo grano,2017,11,2.2
Guayaba,2017,11,164.7
Lechuga,2017,11,64.2
Limón,2017,11,194.4
Mango,2017,11,8.4
Manzana,2017,11,2.7
Melón,2017,11,79.4
Naranja,2017,11,105.8
Nopalitos,2017,11,92.3
Nuez,2017,11,752.6
Papa,2017,11,130.1
Papaya,2017,11,155.8
Pepino,2017,11,129.4
Pera,2017,11,23.2
PiÃ±a,2017,11,91.4
PlÃ¡tano,2017,11,72.9
SandÃ­a,2017,11,112.4
Tomate rojo (jitomate),2017,11,188.2
Tomate verde,2017,11,125.2
Toronja (pomelo),2017,11,166.2
Uva,2017,11,6.7
Zarzamora,2017,11,271.9
Berenjena,2017,10,5.2
Brocolí,2017,10,164.4
Calabacita,2017,10,107.1
Cebolla,2017,10,93.6
Chile verde,2017,10,229
Coliflor,2017,10,175.4
Durazno,2017,10,35.4
EspÃ¡rrago,2017,10,59.8
Frambuesa,2017,10,647.7
Fresa,2017,10,17.2
Frijol,2017,10,112.1
Garbanzo grano,2017,10,1.6
Guayaba,2017,10,186.1
Lechuga,2017,10,110.5
Limón,2017,10,164.8
Mango,2017,10,9.1
Manzana,2017,10,94.1
Melón,2017,10,43.4
Naranja,2017,10,116
Nopalitos,2017,10,54.9
Nuez,2017,10,289
Papa,2017,10,176.4
Papaya,2017,10,157.4
Pepino,2017,10,115.7
Pera,2017,10,55.2
PiÃ±a,2017,10,102.7
PlÃ¡tano,2017,10,95.2
SandÃ­a,2017,10,90.6
Tomate rojo (jitomate),2017,10,231.5
Tomate verde,2017,10,143.4
Toronja (pomelo),2017,10,175.6
Uva,2017,10,11.5
Zarzamora,2017,10,92.3
Berenjena,2017,9,4.2
Brocolí,2017,9,182.7
Calabacita,2017,9,106.1
Cebolla,2017,9,101.8
Chile verde,2017,9,169.8
Coliflor,2017,9,163.1
Durazno,2017,9,163.6
EspÃ¡rrago,2017,9,88.9
Frambuesa,2017,9,44.6
Fresa,2017,9,42
Frijol,2017,9,57.3
Garbanzo grano,2017,9,2.9
Guayaba,2017,9,143.2
Lechuga,2017,9,104.3
Limón,2017,9,113.1
Mango,2017,9,34
Manzana,2017,9,621
Melón,2017,9,94.1
Naranja,2017,9,43.2
Nopalitos,2017,9,55.8
Nuez,2017,9,14.6
Papa,2017,9,47
Papaya,2017,9,115.1
Pepino,2017,9,116.5
Pera,2017,9,332.9
PiÃ±a,2017,9,108.6
PlÃ¡tano,2017,9,98.2
SandÃ­a,2017,9,88.6
Tomate rojo (jitomate),2017,9,159
Tomate verde,2017,9,116.3
Toronja (pomelo),2017,9,77
Uva,2017,9,69.6
Zarzamora,2017,9,42.8
Berenjena,2017,8,55.7
Brocolí,2017,8,177.4
Calabacita,2017,8,125.2
Cebolla,2017,8,67.2
Chile verde,2017,8,151.9
Coliflor,2017,8,186.4
Durazno,2017,8,317.1
EspÃ¡rrago,2017,8,89.7
Frambuesa,2017,8,64.5
Fresa,2017,8,29.9
Frijol,2017,8,21
Garbanzo grano,2017,8,0.2
Guayaba,2017,8,62.5
Lechuga,2017,8,147.5
Limón,2017,8,164.9
Mango,2017,8,166.4
Manzana,2017,8,237.5
Melón,2017,8,58.5
Naranja,2017,8,40.9
Nopalitos,2017,8,77.4
Nuez,2017,8,1.6
Papa,2017,8,63.4
Papaya,2017,8,129.4
Pepino,2017,8,86.5
Pera,2017,8,225.6
PiÃ±a,2017,8,184.4
PlÃ¡tano,2017,8,101
SandÃ­a,2017,8,76.5
Tomate rojo (jitomate),2017,8,110
Tomate verde,2017,8,126.8
Toronja (pomelo),2017,8,59.8
Uva,2017,8,121
Zarzamora,2017,8,27.8
Berenjena,2017,7,86.8
Brocolí,2017,7,62.6
Calabacita,2017,7,89.9
Cebolla,2017,7,86.7
Chile verde,2017,7,143.1
Coliflor,2017,7,128.6
Durazno,2017,7,193.4
EspÃ¡rrago,2017,7,61.3
Frambuesa,2017,7,19.2
Fresa,2017,7,178
Frijol,2017,7,22.5
Garbanzo grano,2017,7,66.5
Guayaba,2017,7,79.4
Lechuga,2017,7,175.2
Limón,2017,7,173.5
Mango,2017,7,236.2
Manzana,2017,7,14.2
Melón,2017,7,129.6
Naranja,2017,7,81.2
Nopalitos,2017,7,93
Nuez,2017,7,0
Papa,2017,7,72.4
Papaya,2017,7,138.9
Pepino,2017,7,60.5
Pera,2017,7,412.9
PiÃ±a,2017,7,170
PlÃ¡tano,2017,7,131.4
SandÃ­a,2017,7,130.4
Tomate rojo (jitomate),2017,7,98.8
Tomate verde,2017,7,123.3
Toronja (pomelo),2017,7,60.9
Uva,2017,7,177.1
Zarzamora,2017,7,32.7
Berenjena,2017,6,384.7
Brocolí,2017,6,94.4
Calabacita,2017,6,128.4
Cebolla,2017,6,134.3
Chile verde,2017,6,92
Coliflor,2017,6,134.7
Durazno,2017,6,130
EspÃ¡rrago,2017,6,95.7
Frambuesa,2017,6,404.1
Fresa,2017,6,343
Frijol,2017,6,22.1
Garbanzo grano,2017,6,177.2
Guayaba,2017,6,159.4
Lechuga,2017,6,90.6
Limón,2017,6,142.2
Mango,2017,6,344.2
Manzana,2017,6,2.7
Melón,2017,6,117
Naranja,2017,6,90.6
Nopalitos,2017,6,150.2
Nuez,2017,6,0
Papa,2017,6,100.1
Papaya,2017,6,153.3
Pepino,2017,6,210.6
Pera,2017,6,83.9
PiÃ±a,2017,6,175.2
PlÃ¡tano,2017,6,141.8
SandÃ­a,2017,6,176.8
Tomate rojo (jitomate),2017,6,130.5
Tomate verde,2017,6,84.1
Toronja (pomelo),2017,6,33.9
Uva,2017,6,896.4
Zarzamora,2017,6,500.8
Berenjena,2017,5,815.2
Brocolí,2017,5,129.8
Calabacita,2017,5,151.2
Cebolla,2017,5,150
Chile verde,2017,5,116.4
Coliflor,2017,5,208.1
Durazno,2017,5,82.8
EspÃ¡rrago,2017,5,34.6
Frambuesa,2017,5,136.3
Fresa,2017,5,291.9
Frijol,2017,5,38.1
Garbanzo grano,2017,5,337.6
Guayaba,2017,5,108.5
Lechuga,2017,5,65.2
Limón,2017,5,108
Mango,2017,5,231.9
Manzana,2017,5,0
Melón,2017,5,145.3
Naranja,2017,5,89.4
Nopalitos,2017,5,163.4
Nuez,2017,5,0
Papa,2017,5,84.1
Papaya,2017,5,126.9
Pepino,2017,5,329
Pera,2017,5,83.7
PiÃ±a,2017,5,123.6
PlÃ¡tano,2017,5,112.3
SandÃ­a,2017,5,276.5
Tomate rojo (jitomate),2017,5,122.9
Tomate verde,2017,5,155.5
Toronja (pomelo),2017,5,154.2
Uva,2017,5,184.6
Zarzamora,2017,5,235.9
Berenjena,2017,4,784.9
Brocolí,2017,4,253
Calabacita,2017,4,155.2
Cebolla,2017,4,188.1
Chile verde,2017,4,130
Coliflor,2017,4,208.2
Durazno,2017,4,55.7
EspÃ¡rrago,2017,4,397.8
Frambuesa,2017,4,140.4
Fresa,2017,4,87.4
Frijol,2017,4,48.3
Garbanzo grano,2017,4,157.9
Guayaba,2017,4,92.1
Lechuga,2017,4,151.7
Limón,2017,4,66.4
Mango,2017,4,190.5
Manzana,2017,4,0
Melón,2017,4,166.3
Naranja,2017,4,156.4
Nopalitos,2017,4,190.6
Nuez,2017,4,0
Papa,2017,4,214.8
Papaya,2017,4,136
Pepino,2017,4,322.3
Pera,2017,4,0
PiÃ±a,2017,4,156.9
PlÃ¡tano,2017,4,112
SandÃ­a,2017,4,243
Tomate rojo (jitomate),2017,4,168.3
Tomate verde,2017,4,162.7
Toronja (pomelo),2017,4,164.8
Uva,2017,4,0
Zarzamora,2017,4,213.3
Berenjena,2017,3,427
Brocolí,2017,3,181.8
Calabacita,2017,3,133.5
Cebolla,2017,3,125.6
Chile verde,2017,3,47
Coliflor,2017,3,131.6
Durazno,2017,3,146.3
EspÃ¡rrago,2017,3,377.1
Frambuesa,2017,3,99.1
Fresa,2017,3,79.8
Frijol,2017,3,71.7
Garbanzo grano,2017,3,137.9
Guayaba,2017,3,77.3
Lechuga,2017,3,103.2
Limón,2017,3,42.5
Mango,2017,3,100.1
Manzana,2017,3,0
Melón,2017,3,265.7
Naranja,2017,3,227
Nopalitos,2017,3,118.5
Nuez,2017,3,0
Papa,2017,3,141.4
Papaya,2017,3,143.2
Pepino,2017,3,205.9
Pera,2017,3,0
PiÃ±a,2017,3,123.9
PlÃ¡tano,2017,3,100.8
SandÃ­a,2017,3,159.7
Tomate rojo (jitomate),2017,3,67.7
Tomate verde,2017,3,140.8
Toronja (pomelo),2017,3,111.1
Uva,2017,3,0
Zarzamora,2017,3,185.7
Berenjena,2017,2,528
Brocolí,2017,2,112.4
Calabacita,2017,2,209.3
Cebolla,2017,2,138.9
Chile verde,2017,2,126.8
Coliflor,2017,2,98.3
Durazno,2017,2,9.9
EspÃ¡rrago,2017,2,507.7
Frambuesa,2017,2,88.2
Fresa,2017,2,58.2
Frijol,2017,2,225.6
Garbanzo grano,2017,2,62.9
Guayaba,2017,2,49.3
Lechuga,2017,2,193.1
Limón,2017,2,68.9
Mango,2017,2,82.9
Manzana,2017,2,0
Melón,2017,2,86.9
Naranja,2017,2,142.4
Nopalitos,2017,2,123.2
Nuez,2017,2,0
Papa,2017,2,152.2
Papaya,2017,2,139.2
Pepino,2017,2,404.5
Pera,2017,2,0
PiÃ±a,2017,2,80.5
PlÃ¡tano,2017,2,95.2
SandÃ­a,2017,2,160
Tomate rojo (jitomate),2017,2,116.6
Tomate verde,2017,2,100.1
Toronja (pomelo),2017,2,96.8
Uva,2017,2,0
Zarzamora,2017,2,163.6
Berenjena,2017,1,377.5
Brocolí,2017,1,50.9
Calabacita,2017,1,166.5
Cebolla,2017,1,126
Chile verde,2017,1,158
Coliflor,2017,1,31
Durazno,2017,1,0
EspÃ¡rrago,2017,1,270.4
Frambuesa,2017,1,131.7
Fresa,2017,1,58.7
Frijol,2017,1,30.1
Garbanzo grano,2017,1,8.3
Guayaba,2017,1,63.3
Lechuga,2017,1,130.9
Limón,2017,1,88
Mango,2017,1,39.2
Manzana,2017,1,0
Melón,2017,1,105.3
Naranja,2017,1,126.7
Nopalitos,2017,1,34.6
Nuez,2017,1,0
Papa,2017,1,30.2
Papaya,2017,1,103.6
Pepino,2017,1,207
Pera,2017,1,0
PiÃ±a,2017,1,97.3
PlÃ¡tano,2017,1,84.4
SandÃ­a,2017,1,102
Tomate rojo (jitomate),2017,1,149.2
Tomate verde,2017,1,164.6
Toronja (pomelo),2017,1,85.3
Uva,2017,1,0
Zarzamora,2017,1,174.3
Berenjena,2018,12,392.5
Brocolí,2018,12,111.8
Calabacita,2018,12,168.7
Cebolla,2018,12,85.8
Chile verde,2018,12,180.6
Coliflor,2018,12,50.2
Durazno,2018,12,0.2
EspÃ¡rrago,2018,12,149.1
Frambuesa,2018,12,494.5
Fresa,2018,12,119.2
Frijol,2018,12,173.4
Garbanzo grano,2018,12,3.8
Guayaba,2018,12,184.3
Lechuga,2018,12,94.7
Limón,2018,12,158.4
Mango,2018,12,3.7
Manzana,2018,12,0
Melón,2018,12,51.2
Naranja,2018,12,108.9
Nopalitos,2018,12,53.8
Nuez,2018,12,532.6
Papa,2018,12,60.5
Papaya,2018,12,128.6
Pepino,2018,12,220.8
Pera,2018,12,1.9
PiÃ±a,2018,12,100.8
PlÃ¡tano,2018,12,103
SandÃ­a,2018,12,81.2
Tomate rojo (jitomate),2018,12,170.3
Tomate verde,2018,12,69.4
Toronja (pomelo),2018,12,131.1
Uva,2018,12,0
Zarzamora,2018,12,289.5
Berenjena,2018,11,5.2
Brocolí,2018,11,133.8
Calabacita,2018,11,100.7
Cebolla,2018,11,103.5
Chile verde,2018,11,224.5
Coliflor,2018,11,194.3
Durazno,2018,11,0.6
EspÃ¡rrago,2018,11,167.9
Frambuesa,2018,11,378.1
Fresa,2018,11,37.9
Frijol,2018,11,330
Garbanzo grano,2018,11,1.3
Guayaba,2018,11,197.5
Lechuga,2018,11,54.4
Limón,2018,11,179.6
Mango,2018,11,2.7
Manzana,2018,11,0.5
Melón,2018,11,60.5
Naranja,2018,11,130
Nopalitos,2018,11,83.1
Nuez,2018,11,930.6
Papa,2018,11,110.9
Papaya,2018,11,126.5
Pepino,2018,11,141.7
Pera,2018,11,0.2
PiÃ±a,2018,11,97.3
PlÃ¡tano,2018,11,103.1
SandÃ­a,2018,11,94.6
Tomate rojo (jitomate),2018,11,223.7
Tomate verde,2018,11,77.7
Toronja (pomelo),2018,11,234.7
Uva,2018,11,4.2
Zarzamora,2018,11,252.8
Berenjena,2018,10,10.8
Brocolí,2018,10,180.2
Calabacita,2018,10,132.2
Cebolla,2018,10,73
Chile verde,2018,10,171.4
Coliflor,2018,10,185.6
Durazno,2018,10,97.6
EspÃ¡rrago,2018,10,73.3
Frambuesa,2018,10,238.4
Fresa,2018,10,24.2
Frijol,2018,10,92.2
Garbanzo grano,2018,10,0.6
Guayaba,2018,10,150.7
Lechuga,2018,10,106
Limón,2018,10,189.5
Mango,2018,10,0.2
Manzana,2018,10,95.7
Melón,2018,10,20.8
Naranja,2018,10,94.4
Nopalitos,2018,10,91
Nuez,2018,10,264.3
Papa,2018,10,153
Papaya,2018,10,136.2
Pepino,2018,10,115
Pera,2018,10,91.2
PiÃ±a,2018,10,98.1
PlÃ¡tano,2018,10,109
SandÃ­a,2018,10,53.7
Tomate rojo (jitomate),2018,10,225.3
Tomate verde,2018,10,142.4
Toronja (pomelo),2018,10,195.2
Uva,2018,10,43.2
Zarzamora,2018,10,137.5
Berenjena,2018,9,7.2
Brocolí,2018,9,203.3
Calabacita,2018,9,140.2
Cebolla,2018,9,102.3
Chile verde,2018,9,235.1
Coliflor,2018,9,208.8
Durazno,2018,9,204.6
EspÃ¡rrago,2018,9,91.7
Frambuesa,2018,9,12.8
Fresa,2018,9,11.4
Frijol,2018,9,40.3
Garbanzo grano,2018,9,0.6
Guayaba,2018,9,113.3
Lechuga,2018,9,126.9
Limón,2018,9,162.2
Mango,2018,9,16.2
Manzana,2018,9,437.9
Melón,2018,9,105.8
Naranja,2018,9,71.3
Nopalitos,2018,9,99.3
Nuez,2018,9,11.9
Papa,2018,9,105
Papaya,2018,9,149.8
Pepino,2018,9,71.6
Pera,2018,9,478.9
PiÃ±a,2018,9,139.5
PlÃ¡tano,2018,9,110.6
SandÃ­a,2018,9,136.5
Tomate rojo (jitomate),2018,9,137.6
Tomate verde,2018,9,146.8
Toronja (pomelo),2018,9,123.5
Uva,2018,9,35.5
Zarzamora,2018,9,29.4
Berenjena,2018,8,56.3
Brocolí,2018,8,170.7
Calabacita,2018,8,160.4
Cebolla,2018,8,81.5
Chile verde,2018,8,177.9
Coliflor,2018,8,233.1
Durazno,2018,8,231.7
EspÃ¡rrago,2018,8,144
Frambuesa,2018,8,6.1
Fresa,2018,8,13
Frijol,2018,8,23.8
Garbanzo grano,2018,8,3.6
Guayaba,2018,8,79
Lechuga,2018,8,149.4
Limón,2018,8,167.5
Mango,2018,8,116.7
Manzana,2018,8,179.1
Melón,2018,8,80.2
Naranja,2018,8,57.7
Nopalitos,2018,8,97.6
Nuez,2018,8,4
Papa,2018,8,66
Papaya,2018,8,175.7
Pepino,2018,8,51.9
Pera,2018,8,252
PiÃ±a,2018,8,162.7
PlÃ¡tano,2018,8,124.7
SandÃ­a,2018,8,116.7
Tomate rojo (jitomate),2018,8,124.8
Tomate verde,2018,8,128.3
Toronja (pomelo),2018,8,72
Uva,2018,8,175.3
Zarzamora,2018,8,13.9
Berenjena,2018,7,135.8
Brocolí,2018,7,91.5
Calabacita,2018,7,109.3
Cebolla,2018,7,90.3
Chile verde,2018,7,172.6
Coliflor,2018,7,131
Durazno,2018,7,269.2
EspÃ¡rrago,2018,7,158.2
Frambuesa,2018,7,26.1
Fresa,2018,7,157.7
Frijol,2018,7,6.3
Garbanzo grano,2018,7,16.1
Guayaba,2018,7,72.8
Lechuga,2018,7,209
Limón,2018,7,136.3
Mango,2018,7,225.3
Manzana,2018,7,13.4
Melón,2018,7,125.3
Naranja,2018,7,63.9
Nopalitos,2018,7,99.8
Nuez,2018,7,0
Papa,2018,7,87.4
Papaya,2018,7,157.1
Pepino,2018,7,52.9
Pera,2018,7,311.7
PiÃ±a,2018,7,169.4
PlÃ¡tano,2018,7,129.1
SandÃ­a,2018,7,176.3
Tomate rojo (jitomate),2018,7,132.2
Tomate verde,2018,7,117.8
Toronja (pomelo),2018,7,90
Uva,2018,7,135.6
Zarzamora,2018,7,40.4
Berenjena,2018,6,320.4
Brocolí,2018,6,114.6
Calabacita,2018,6,190.8
Cebolla,2018,6,106.1
Chile verde,2018,6,82.8
Coliflor,2018,6,100.4
Durazno,2018,6,128.5
EspÃ¡rrago,2018,6,84.6
Frambuesa,2018,6,238.3
Fresa,2018,6,462.3
Frijol,2018,6,9.3
Garbanzo grano,2018,6,281.9
Guayaba,2018,6,158.7
Lechuga,2018,6,104.9
Limón,2018,6,118.1
Mango,2018,6,360.5
Manzana,2018,6,1.3
Melón,2018,6,255.9
Naranja,2018,6,87.9
Nopalitos,2018,6,162.8
Nuez,2018,6,0
Papa,2018,6,108.6
Papaya,2018,6,178.3
Pepino,2018,6,118.5
Pera,2018,6,168.4
PiÃ±a,2018,6,178.7
PlÃ¡tano,2018,6,128.6
SandÃ­a,2018,6,134.9
Tomate rojo (jitomate),2018,6,130.4
Tomate verde,2018,6,68.3
Toronja (pomelo),2018,6,108.2
Uva,2018,6,624.7
Zarzamora,2018,6,127.3
Berenjena,2018,5,553.2
Brocolí,2018,5,153
Calabacita,2018,5,139.4
Cebolla,2018,5,149.7
Chile verde,2018,5,123.3
Coliflor,2018,5,105.2
Durazno,2018,5,78.2
EspÃ¡rrago,2018,5,40.5
Frambuesa,2018,5,332.4
Fresa,2018,5,403.8
Frijol,2018,5,30
Garbanzo grano,2018,5,452.9
Guayaba,2018,5,102.1
Lechuga,2018,5,71.9
Limón,2018,5,87.5
Mango,2018,5,238.3
Manzana,2018,5,0
Melón,2018,5,154.9
Naranja,2018,5,167
Nopalitos,2018,5,160.4
Nuez,2018,5,0
Papa,2018,5,89
Papaya,2018,5,166.8
Pepino,2018,5,308.8
Pera,2018,5,0
PiÃ±a,2018,5,167
PlÃ¡tano,2018,5,109.2
SandÃ­a,2018,5,255.1
Tomate rojo (jitomate),2018,5,112.4
Tomate verde,2018,5,160.1
Toronja (pomelo),2018,5,109.5
Uva,2018,5,159.2
Zarzamora,2018,5,216.8
Berenjena,2018,4,854.5
Brocolí,2018,4,243.1
Calabacita,2018,4,171.1
Cebolla,2018,4,196.8
Chile verde,2018,4,126.9
Coliflor,2018,4,287.5
Durazno,2018,4,19.2
EspÃ¡rrago,2018,4,373.9
Frambuesa,2018,4,309.1
Fresa,2018,4,94.7
Frijol,2018,4,51.9
Garbanzo grano,2018,4,395.6
Guayaba,2018,4,88.4
Lechuga,2018,4,122.5
Limón,2018,4,64.1
Mango,2018,4,193.4
Manzana,2018,4,0
Melón,2018,4,105.7
Naranja,2018,4,172.2
Nopalitos,2018,4,169.8
Nuez,2018,4,0
Papa,2018,4,207.2
Papaya,2018,4,141
Pepino,2018,4,224.9
Pera,2018,4,0
PiÃ±a,2018,4,187.4
PlÃ¡tano,2018,4,105.4
SandÃ­a,2018,4,254.6
Tomate rojo (jitomate),2018,4,146.6
Tomate verde,2018,4,166
Toronja (pomelo),2018,4,68
Uva,2018,4,0
Zarzamora,2018,4,240
Berenjena,2018,3,324.6
Brocolí,2018,3,223.1
Calabacita,2018,3,210.7
Cebolla,2018,3,153.7
Chile verde,2018,3,99.5
Coliflor,2018,3,202.1
Durazno,2018,3,114.3
EspÃ¡rrago,2018,3,511.9
Frambuesa,2018,3,276.7
Fresa,2018,3,104.9
Frijol,2018,3,107.1
Garbanzo grano,2018,3,625.7
Guayaba,2018,3,18.5
Lechuga,2018,3,119.7
Limón,2018,3,60.8
Mango,2018,3,114.6
Manzana,2018,3,0
Melón,2018,3,263.6
Naranja,2018,3,163
Nopalitos,2018,3,122.1
Nuez,2018,3,0
Papa,2018,3,154.2
Papaya,2018,3,162.3
Pepino,2018,3,262.4
Pera,2018,3,0
PiÃ±a,2018,3,120.2
PlÃ¡tano,2018,3,106.3
SandÃ­a,2018,3,172.5
Tomate rojo (jitomate),2018,3,90
Tomate verde,2018,3,197.6
Toronja (pomelo),2018,3,121.1
Uva,2018,3,0
Zarzamora,2018,3,262.6
Berenjena,2018,2,578.1
Brocolí,2018,2,122.5
Calabacita,2018,2,189.5
Cebolla,2018,2,112.9
Chile verde,2018,2,154.2
Coliflor,2018,2,87.3
Durazno,2018,2,12
EspÃ¡rrago,2018,2,515.4
Frambuesa,2018,2,159
Fresa,2018,2,69.7
Frijol,2018,2,265.8
Garbanzo grano,2018,2,90.1
Guayaba,2018,2,27.8
Lechuga,2018,2,158.7
Limón,2018,2,90.3
Mango,2018,2,100.2
Manzana,2018,2,0
Melón,2018,2,104
Naranja,2018,2,128.2
Nopalitos,2018,2,70.7
Nuez,2018,2,0
Papa,2018,2,159.7
Papaya,2018,2,122.9
Pepino,2018,2,311.2
Pera,2018,2,0
PiÃ±a,2018,2,94.7
PlÃ¡tano,2018,2,93.1
SandÃ­a,2018,2,159.8
Tomate rojo (jitomate),2018,2,112.9
Tomate verde,2018,2,123.9
Toronja (pomelo),2018,2,66.9
Uva,2018,2,0
Zarzamora,2018,2,249
Berenjena,2018,1,297.5
Brocolí,2018,1,58.1
Calabacita,2018,1,173.1
Cebolla,2018,1,123.8
Chile verde,2018,1,173.4
Coliflor,2018,1,43.7
Durazno,2018,1,0
EspÃ¡rrago,2018,1,440.6
Frambuesa,2018,1,248.8
Fresa,2018,1,73.6
Frijol,2018,1,44
Garbanzo grano,2018,1,1.3
Guayaba,2018,1,48.5
Lechuga,2018,1,159.3
Limón,2018,1,104.4
Mango,2018,1,50.3
Manzana,2018,1,0
Melón,2018,1,114.1
Naranja,2018,1,107.2
Nopalitos,2018,1,27.9
Nuez,2018,1,0
Papa,2018,1,26.3
Papaya,2018,1,101.9
Pepino,2018,1,249.3
Pera,2018,1,0
PiÃ±a,2018,1,105
PlÃ¡tano,2018,1,95.6
SandÃ­a,2018,1,108.3
Tomate rojo (jitomate),2018,1,136.9
Tomate verde,2018,1,179.4
Toronja (pomelo),2018,1,89.7
Uva,2018,1,0
Zarzamora,2018,1,269.5
Berenjena,2019,12,201.4
Brocolí,2019,12,116.8
Calabacita,2019,12,54.1
Cebolla,2019,12,103.2
Chile verde,2019,12,166.7
Coliflor,2019,12,67.7
Durazno,2019,12,16.5
EspÃ¡rrago,2019,12,34.7
Frambuesa,2019,12,661.3
Fresa,2019,12,79.6
Frijol,2019,12,174.2
Garbanzo grano,2019,12,4
Guayaba,2019,12,191.9
Lechuga,2019,12,107.9
Limón,2019,12,150
Mango,2019,12,0.8
Manzana,2019,12,2.4
Melón,2019,12,34.7
Naranja,2019,12,110
Nopalitos,2019,12,73.4
Nuez,2019,12,536
Papa,2019,12,47.2
Papaya,2019,12,148.7
Pepino,2019,12,152.1
Pera,2019,12,26.3
PiÃ±a,2019,12,67
PlÃ¡tano,2019,12,100.8
SandÃ­a,2019,12,75.4
Tomate rojo (jitomate),2019,12,183
Tomate verde,2019,12,111.5
Toronja (pomelo),2019,12,104.3
Uva,2019,12,94.8
Zarzamora,2019,12,370.7
Berenjena,2019,11,1.5
Brocolí,2019,11,88.8
Calabacita,2019,11,115.5
Cebolla,2019,11,84.8
Chile verde,2019,11,252.6
Coliflor,2019,11,114.2
Durazno,2019,11,17.2
EspÃ¡rrago,2019,11,44.7
Frambuesa,2019,11,436.7
Fresa,2019,11,29
Frijol,2019,11,188.2
Garbanzo grano,2019,11,3.5
Guayaba,2019,11,170.6
Lechuga,2019,11,62.7
Limón,2019,11,170.9
Mango,2019,11,0.3
Manzana,2019,11,0.5
Melón,2019,11,50.2
Naranja,2019,11,137.8
Nopalitos,2019,11,74.5
Nuez,2019,11,"1,069.30"
Papa,2019,11,132.8
Papaya,2019,11,115.1
Pepino,2019,11,63.6
Pera,2019,11,24.9
PiÃ±a,2019,11,104.9
PlÃ¡tano,2019,11,105.2
SandÃ­a,2019,11,75.9
Tomate rojo (jitomate),2019,11,211.5
Tomate verde,2019,11,73.7
Toronja (pomelo),2019,11,322.8
Uva,2019,11,1.1
Zarzamora,2019,11,303.8
Berenjena,2019,10,8.9
Brocolí,2019,10,156.8
Calabacita,2019,10,130.8
Cebolla,2019,10,79.3
Chile verde,2019,10,189.2
Coliflor,2019,10,266.1
Durazno,2019,10,22.8
EspÃ¡rrago,2019,10,129
Frambuesa,2019,10,213.6
Fresa,2019,10,22.5
Frijol,2019,10,60.2
Garbanzo grano,2019,10,0.7
Guayaba,2019,10,122.9
Lechuga,2019,10,90
Limón,2019,10,187.5
Mango,2019,10,2.3
Manzana,2019,10,237
Melón,2019,10,63.1
Naranja,2019,10,64.1
Nopalitos,2019,10,108.4
Nuez,2019,10,317.2
Papa,2019,10,133.4
Papaya,2019,10,148.2
Pepino,2019,10,110.1
Pera,2019,10,67.9
PiÃ±a,2019,10,79.2
PlÃ¡tano,2019,10,123.8
SandÃ­a,2019,10,155
Tomate rojo (jitomate),2019,10,256.1
Tomate verde,2019,10,178.4
Toronja (pomelo),2019,10,249.2
Uva,2019,10,61.7
Zarzamora,2019,10,249.3
Berenjena,2019,9,21.2
Brocolí,2019,9,156
Calabacita,2019,9,102.4
Cebolla,2019,9,95
Chile verde,2019,9,181.1
Coliflor,2019,9,218.4
Durazno,2019,9,240.2
EspÃ¡rrago,2019,9,131.5
Frambuesa,2019,9,2.4
Fresa,2019,9,12.2
Frijol,2019,9,37.6
Garbanzo grano,2019,9,0.3
Guayaba,2019,9,101.3
Lechuga,2019,9,135.6
Limón,2019,9,153.3
Mango,2019,9,57.2
Manzana,2019,9,668.2
Melón,2019,9,106
Naranja,2019,9,42.2
Nopalitos,2019,9,80.8
Nuez,2019,9,9.6
Papa,2019,9,101.9
Papaya,2019,9,166.4
Pepino,2019,9,66.8
Pera,2019,9,263.1
PiÃ±a,2019,9,117.1
PlÃ¡tano,2019,9,100.5
SandÃ­a,2019,9,77.1
Tomate rojo (jitomate),2019,9,121
Tomate verde,2019,9,112.9
Toronja (pomelo),2019,9,126.3
Uva,2019,9,86
Zarzamora,2019,9,52.4
Berenjena,2019,8,322
Brocolí,2019,8,165.4
Calabacita,2019,8,134.1
Cebolla,2019,8,79.2
Chile verde,2019,8,212.7
Coliflor,2019,8,214.6
Durazno,2019,8,250.6
EspÃ¡rrago,2019,8,127.9
Frambuesa,2019,8,164
Fresa,2019,8,51.4
Frijol,2019,8,16.1
Garbanzo grano,2019,8,0.4
Guayaba,2019,8,98.4
Lechuga,2019,8,196.4
Limón,2019,8,158
Mango,2019,8,165.5
Manzana,2019,8,120.7
Melón,2019,8,110.4
Naranja,2019,8,45.7
Nopalitos,2019,8,114.3
Nuez,2019,8,4.5
Papa,2019,8,55.4
Papaya,2019,8,160
Pepino,2019,8,79.5
Pera,2019,8,493.7
PiÃ±a,2019,8,198.7
PlÃ¡tano,2019,8,133.9
SandÃ­a,2019,8,68.3
Tomate rojo (jitomate),2019,8,139.6
Tomate verde,2019,8,183.8
Toronja (pomelo),2019,8,98
Uva,2019,8,246.3
Zarzamora,2019,8,23.9
Berenjena,2019,7,24.1
Brocolí,2019,7,98.3
Calabacita,2019,7,109.7
Cebolla,2019,7,105.2
Chile verde,2019,7,110.1
Coliflor,2019,7,147.8
Durazno,2019,7,227.8
EspÃ¡rrago,2019,7,167.2
Frambuesa,2019,7,4
Fresa,2019,7,94.1
Frijol,2019,7,8.8
Garbanzo grano,2019,7,59.9
Guayaba,2019,7,78.2
Lechuga,2019,7,190.5
Limón,2019,7,137.5
Mango,2019,7,252.7
Manzana,2019,7,15.2
Melón,2019,7,140.7
Naranja,2019,7,58.2
Nopalitos,2019,7,111
Nuez,2019,7,0
Papa,2019,7,44.2
Papaya,2019,7,191.6
Pepino,2019,7,42.3
Pera,2019,7,102.7
PiÃ±a,2019,7,107.7
PlÃ¡tano,2019,7,136.3
SandÃ­a,2019,7,81.2
Tomate rojo (jitomate),2019,7,111.5
Tomate verde,2019,7,160.8
Toronja (pomelo),2019,7,42.5
Uva,2019,7,461.4
Zarzamora,2019,7,3.1
Berenjena,2019,6,26.2
Brocolí,2019,6,79.5
Calabacita,2019,6,131.5
Cebolla,2019,6,61.6
Chile verde,2019,6,92.1
Coliflor,2019,6,63.6
Durazno,2019,6,165.1
EspÃ¡rrago,2019,6,68.2
Frambuesa,2019,6,117
Fresa,2019,6,811.1
Frijol,2019,6,8.6
Garbanzo grano,2019,6,182
Guayaba,2019,6,144.1
Lechuga,2019,6,75.6
Limón,2019,6,151.5
Mango,2019,6,308
Manzana,2019,6,1.4
Melón,2019,6,167.3
Naranja,2019,6,149.6
Nopalitos,2019,6,112.4
Nuez,2019,6,0
Papa,2019,6,174.9
Papaya,2019,6,157.6
Pepino,2019,6,120.7
Pera,2019,6,163.5
PiÃ±a,2019,6,200.7
PlÃ¡tano,2019,6,137.2
SandÃ­a,2019,6,180.2
Tomate rojo (jitomate),2019,6,88.7
Tomate verde,2019,6,64.5
Toronja (pomelo),2019,6,80.1
Uva,2019,6,581.5
Zarzamora,2019,6,44.5
Berenjena,2019,5,63
Brocolí,2019,5,249.2
Calabacita,2019,5,117.3
Cebolla,2019,5,159.6
Chile verde,2019,5,107.7
Coliflor,2019,5,129.4
Durazno,2019,5,103.7
EspÃ¡rrago,2019,5,53.9
Frambuesa,2019,5,464.2
Fresa,2019,5,382.5
Frijol,2019,5,13.2
Garbanzo grano,2019,5,207.3
Guayaba,2019,5,79.8
Lechuga,2019,5,94.1
Limón,2019,5,86.6
Mango,2019,5,256.8
Manzana,2019,5,0
Melón,2019,5,172.7
Naranja,2019,5,136.7
Nopalitos,2019,5,147.2
Nuez,2019,5,0
Papa,2019,5,100.2
Papaya,2019,5,172
Pepino,2019,5,229.3
Pera,2019,5,0
PiÃ±a,2019,5,208.7
PlÃ¡tano,2019,5,110.9
SandÃ­a,2019,5,213
Tomate rojo (jitomate),2019,5,124.6
Tomate verde,2019,5,120.1
Toronja (pomelo),2019,5,42
Uva,2019,5,120.1
Zarzamora,2019,5,115.7
Berenjena,2019,4,554.5
Brocolí,2019,4,244.3
Calabacita,2019,4,193.1
Cebolla,2019,4,135
Chile verde,2019,4,150.3
Coliflor,2019,4,475.6
Durazno,2019,4,15.4
EspÃ¡rrago,2019,4,383.1
Frambuesa,2019,4,183
Fresa,2019,4,130.6
Frijol,2019,4,53.9
Garbanzo grano,2019,4,297.1
Guayaba,2019,4,109.4
Lechuga,2019,4,137.1
Limón,2019,4,86.8
Mango,2019,4,207.1
Manzana,2019,4,0
Melón,2019,4,92.6
Naranja,2019,4,175.4
Nopalitos,2019,4,246.1
Nuez,2019,4,0
Papa,2019,4,184.1
Papaya,2019,4,151.2
Pepino,2019,4,127.5
Pera,2019,4,0
PiÃ±a,2019,4,162.5
PlÃ¡tano,2019,4,109.2
SandÃ­a,2019,4,235.3
Tomate rojo (jitomate),2019,4,109.8
Tomate verde,2019,4,162.6
Toronja (pomelo),2019,4,128.4
Uva,2019,4,0
Zarzamora,2019,4,437.3
Berenjena,2019,3,554
Brocolí,2019,3,234.9
Calabacita,2019,3,184.5
Cebolla,2019,3,155.8
Chile verde,2019,3,107.1
Coliflor,2019,3,238.1
Durazno,2019,3,108.4
EspÃ¡rrago,2019,3,517.5
Frambuesa,2019,3,267.6
Fresa,2019,3,115.8
Frijol,2019,3,158.6
Garbanzo grano,2019,3,214.3
Guayaba,2019,3,34.2
Lechuga,2019,3,139.6
Limón,2019,3,78.3
Mango,2019,3,123.9
Manzana,2019,3,0
Melón,2019,3,281.2
Naranja,2019,3,187.7
Nopalitos,2019,3,132.7
Nuez,2019,3,0
Papa,2019,3,178
Papaya,2019,3,178
Pepino,2019,3,273.1
Pera,2019,3,0
PiÃ±a,2019,3,163.2
PlÃ¡tano,2019,3,100.3
SandÃ­a,2019,3,227.6
Tomate rojo (jitomate),2019,3,129.6
Tomate verde,2019,3,191
Toronja (pomelo),2019,3,123.2
Uva,2019,3,0
Zarzamora,2019,3,298.5
Berenjena,2019,2,"1,086.10"
Brocolí,2019,2,142.6
Calabacita,2019,2,215.5
Cebolla,2019,2,135.6
Chile verde,2019,2,156.4
Coliflor,2019,2,107
Durazno,2019,2,8.6
EspÃ¡rrago,2019,2,612.7
Frambuesa,2019,2,235.1
Fresa,2019,2,115.3
Frijol,2019,2,152.6
Garbanzo grano,2019,2,75.6
Guayaba,2019,2,50.8
Lechuga,2019,2,196.5
Limón,2019,2,98.8
Mango,2019,2,104.3
Manzana,2019,2,0
Melón,2019,2,144.4
Naranja,2019,2,132.3
Nopalitos,2019,2,83.6
Nuez,2019,2,0
Papa,2019,2,135.6
Papaya,2019,2,147.7
Pepino,2019,2,555.1
Pera,2019,2,0
PiÃ±a,2019,2,141.7
PlÃ¡tano,2019,2,101.9
SandÃ­a,2019,2,200.5
Tomate rojo (jitomate),2019,2,138.8
Tomate verde,2019,2,150.5
Toronja (pomelo),2019,2,57.3
Uva,2019,2,0
Zarzamora,2019,2,263.5
Berenjena,2019,1,446.8
Brocolí,2019,1,69.8
Calabacita,2019,1,204.9
Cebolla,2019,1,122.7
Chile verde,2019,1,132.1
Coliflor,2019,1,48.1
Durazno,2019,1,0
EspÃ¡rrago,2019,1,398.9
Frambuesa,2019,1,266.9
Fresa,2019,1,163.3
Frijol,2019,1,65.2
Garbanzo grano,2019,1,0.6
Guayaba,2019,1,85.5
Lechuga,2019,1,167.1
Limón,2019,1,105.6
Mango,2019,1,50.6
Manzana,2019,1,0
Melón,2019,1,83.3
Naranja,2019,1,121.4
Nopalitos,2019,1,32.1
Nuez,2019,1,0
Papa,2019,1,16.9
Papaya,2019,1,107.4
Pepino,2019,1,292.9
Pera,2019,1,0
PiÃ±a,2019,1,113.1
PlÃ¡tano,2019,1,99
SandÃ­a,2019,1,127.4
Tomate rojo (jitomate),2019,1,153.1
Tomate verde,2019,1,146.9
Toronja (pomelo),2019,1,111.3
Uva,2019,1,0
Zarzamora,2019,1,296.1
Berenjena,2020,12,251.5
Brocolí,2020,12,77.4
Calabacita,2020,12,40
Cebolla,2020,12,82.1
Chile verde,2020,12,149.7
Coliflor,2020,12,37.1
Durazno,2020,12,16.3
EspÃ¡rrago,2020,12,77.8
Frambuesa,2020,12,779
Fresa,2020,12,120
Frijol,2020,12,196.1
Garbanzo grano,2020,12,3.7
Guayaba,2020,12,120.4
Lechuga,2020,12,59.4
Limón,2020,12,122.5
Mango,2020,12,5.6
Manzana,2020,12,2.4
Melón,2020,12,39.1
Naranja,2020,12,77.2
Nopalitos,2020,12,21.2
Nuez,2020,12,525.2
Papa,2020,12,38.2
Papaya,2020,12,145.4
Pepino,2020,12,157.4
Pera,2020,12,15.4
PiÃ±a,2020,12,57
PlÃ¡tano,2020,12,99.3
SandÃ­a,2020,12,105
Tomate rojo (jitomate),2020,12,157.8
Tomate verde,2020,12,82
Toronja (pomelo),2020,12,81.6
Uva,2020,12,22.2
Zarzamora,2020,12,245.9
Berenjena,2020,11,7.1
Brocolí,2020,11,115
Calabacita,2020,11,95.4
Cebolla,2020,11,76.9
Chile verde,2020,11,258.5
Coliflor,2020,11,146.9
Durazno,2020,11,14.5
EspÃ¡rrago,2020,11,80.2
Frambuesa,2020,11,401
Fresa,2020,11,16.9
Frijol,2020,11,289.8
Garbanzo grano,2020,11,4.2
Guayaba,2020,11,155.9
Lechuga,2020,11,67.8
Limón,2020,11,164.1
Mango,2020,11,4.8
Manzana,2020,11,0.6
Melón,2020,11,39.9
Naranja,2020,11,114.8
Nopalitos,2020,11,45.2
Nuez,2020,11,995.4
Papa,2020,11,147.3
Papaya,2020,11,108.7
Pepino,2020,11,63.4
Pera,2020,11,24.2
PiÃ±a,2020,11,112.7
PlÃ¡tano,2020,11,85.1
SandÃ­a,2020,11,132.4
Tomate rojo (jitomate),2020,11,210.6
Tomate verde,2020,11,79
Toronja (pomelo),2020,11,275.1
Uva,2020,11,3.8
Zarzamora,2020,11,224.3
Berenjena,2020,10,5.4
Brocolí,2020,10,162.6
Calabacita,2020,10,144.8
Cebolla,2020,10,96.7
Chile verde,2020,10,200.3
Coliflor,2020,10,311.6
Durazno,2020,10,54.4
EspÃ¡rrago,2020,10,111.3
Frambuesa,2020,10,271.8
Fresa,2020,10,30.5
Frijol,2020,10,90.1
Garbanzo grano,2020,10,0.1
Guayaba,2020,10,285.9
Lechuga,2020,10,107.8
Limón,2020,10,191.8
Mango,2020,10,6
Manzana,2020,10,141.7
Melón,2020,10,106.1
Naranja,2020,10,54.9
Nopalitos,2020,10,83.1
Nuez,2020,10,312.7
Papa,2020,10,138.3
Papaya,2020,10,159.1
Pepino,2020,10,114.1
Pera,2020,10,57.3
PiÃ±a,2020,10,108
PlÃ¡tano,2020,10,122.3
SandÃ­a,2020,10,123.4
Tomate rojo (jitomate),2020,10,253.4
Tomate verde,2020,10,162.2
Toronja (pomelo),2020,10,158.3
Uva,2020,10,59.2
Zarzamora,2020,10,386.1
Berenjena,2020,9,2.2
Brocolí,2020,9,225.9
Calabacita,2020,9,85.7
Cebolla,2020,9,110.2
Chile verde,2020,9,195.6
Coliflor,2020,9,223.9
Durazno,2020,9,252.3
EspÃ¡rrago,2020,9,103.5
Frambuesa,2020,9,32.7
Fresa,2020,9,15.9
Frijol,2020,9,45.9
Garbanzo grano,2020,9,0.3
Guayaba,2020,9,72.3
Lechuga,2020,9,177.1
Limón,2020,9,176.2
Mango,2020,9,63.2
Manzana,2020,9,661.7
Melón,2020,9,63.5
Naranja,2020,9,35.5
Nopalitos,2020,9,112.5
Nuez,2020,9,7.3
Papa,2020,9,103.1
Papaya,2020,9,176.3
Pepino,2020,9,66.4
Pera,2020,9,190.3
PiÃ±a,2020,9,127.1
PlÃ¡tano,2020,9,110.8
SandÃ­a,2020,9,89.4
Tomate rojo (jitomate),2020,9,128.1
Tomate verde,2020,9,118.3
Toronja (pomelo),2020,9,103.8
Uva,2020,9,49.6
Zarzamora,2020,9,11.6
Berenjena,2020,8,45.9
Brocolí,2020,8,149.2
Calabacita,2020,8,108.4
Cebolla,2020,8,73.7
Chile verde,2020,8,204.3
Coliflor,2020,8,188.3
Durazno,2020,8,312.8
EspÃ¡rrago,2020,8,152.6
Frambuesa,2020,8,71.9
Fresa,2020,8,17.8
Frijol,2020,8,17.7
Garbanzo grano,2020,8,0.1
Guayaba,2020,8,65.2
Lechuga,2020,8,194.3
Limón,2020,8,163.5
Mango,2020,8,147.1
Manzana,2020,8,196.8
Melón,2020,8,122.7
Naranja,2020,8,51.7
Nopalitos,2020,8,122.9
Nuez,2020,8,4.3
Papa,2020,8,58.7
Papaya,2020,8,144.8
Pepino,2020,8,45
Pera,2020,8,438.9
PiÃ±a,2020,8,215
PlÃ¡tano,2020,8,125.7
SandÃ­a,2020,8,74.6
Tomate rojo (jitomate),2020,8,128.9
Tomate verde,2020,8,160.5
Toronja (pomelo),2020,8,90.1
Uva,2020,8,269.4
Zarzamora,2020,8,3.3
Berenjena,2020,7,24
Brocolí,2020,7,83.1
Calabacita,2020,7,129.8
Cebolla,2020,7,99.3
Chile verde,2020,7,111.5
Coliflor,2020,7,149.6
Durazno,2020,7,205.6
EspÃ¡rrago,2020,7,166.1
Frambuesa,2020,7,86.4
Fresa,2020,7,59.2
Frijol,2020,7,24.6
Garbanzo grano,2020,7,11.9
Guayaba,2020,7,51.6
Lechuga,2020,7,149.9
Limón,2020,7,139.2
Mango,2020,7,262.2
Manzana,2020,7,15.5
Melón,2020,7,100.4
Naranja,2020,7,50.2
Nopalitos,2020,7,117.9
Nuez,2020,7,0
Papa,2020,7,70.6
Papaya,2020,7,221.7
Pepino,2020,7,87.9
Pera,2020,7,267.3
PiÃ±a,2020,7,215.1
PlÃ¡tano,2020,7,142.2
SandÃ­a,2020,7,65.9
Tomate rojo (jitomate),2020,7,120.7
Tomate verde,2020,7,173.6
Toronja (pomelo),2020,7,24.9
Uva,2020,7,460.4
Zarzamora,2020,7,31.5
Berenjena,2020,6,5.2
Brocolí,2020,6,62.6
Calabacita,2020,6,94.5
Cebolla,2020,6,73.9
Chile verde,2020,6,72.2
Coliflor,2020,6,57.8
Durazno,2020,6,202.4
EspÃ¡rrago,2020,6,73.2
Frambuesa,2020,6,148.5
Fresa,2020,6,503.5
Frijol,2020,6,9
Garbanzo grano,2020,6,108.3
Guayaba,2020,6,133.5
Lechuga,2020,6,71.6
Limón,2020,6,183.9
Mango,2020,6,312.2
Manzana,2020,6,0.8
Melón,2020,6,168.5
Naranja,2020,6,145.5
Nopalitos,2020,6,113
Nuez,2020,6,0
Papa,2020,6,159.1
Papaya,2020,6,145.7
Pepino,2020,6,119.3
Pera,2020,6,165.4
PiÃ±a,2020,6,200.6
PlÃ¡tano,2020,6,138.6
SandÃ­a,2020,6,176.5
Tomate rojo (jitomate),2020,6,81.6
Tomate verde,2020,6,49.9
Toronja (pomelo),2020,6,149.3
Uva,2020,6,590.4
Zarzamora,2020,6,21.2
Berenjena,2020,5,683.4
Brocolí,2020,5,163.8
Calabacita,2020,5,112.5
Cebolla,2020,5,164.5
Chile verde,2020,5,111.7
Coliflor,2020,5,78.4
Durazno,2020,5,99.4
EspÃ¡rrago,2020,5,62.6
Frambuesa,2020,5,461.7
Fresa,2020,5,407
Frijol,2020,5,18.7
Garbanzo grano,2020,5,148.6
Guayaba,2020,5,116.9
Lechuga,2020,5,94.2
Limón,2020,5,115.1
Mango,2020,5,241.7
Manzana,2020,5,0
Melón,2020,5,145.2
Naranja,2020,5,144.1
Nopalitos,2020,5,159.9
Nuez,2020,5,0
Papa,2020,5,119.3
Papaya,2020,5,218.5
Pepino,2020,5,203.2
Pera,2020,5,0
PiÃ±a,2020,5,267.9
PlÃ¡tano,2020,5,121.4
SandÃ­a,2020,5,250.5
Tomate rojo (jitomate),2020,5,94
Tomate verde,2020,5,109.1
Toronja (pomelo),2020,5,109.9
Uva,2020,5,103.7
Zarzamora,2020,5,124.5
Berenjena,2020,4,187.4
Brocolí,2020,4,216.8
Calabacita,2020,4,262.3
Cebolla,2020,4,149.1
Chile verde,2020,4,104.1
Coliflor,2020,4,494.5
Durazno,2020,4,11
EspÃ¡rrago,2020,4,349.9
Frambuesa,2020,4,142.5
Fresa,2020,4,123.7
Frijol,2020,4,35.9
Garbanzo grano,2020,4,212.8
Guayaba,2020,4,63.7
Lechuga,2020,4,160.2
Limón,2020,4,91.9
Mango,2020,4,206.7
Manzana,2020,4,0
Melón,2020,4,114.5
Naranja,2020,4,183.1
Nopalitos,2020,4,202.3
Nuez,2020,4,2
Papa,2020,4,204.4
Papaya,2020,4,144
Pepino,2020,4,215.4
Pera,2020,4,0
PiÃ±a,2020,4,219.5
PlÃ¡tano,2020,4,122.5
SandÃ­a,2020,4,206.6
Tomate rojo (jitomate),2020,4,92
Tomate verde,2020,4,149.6
Toronja (pomelo),2020,4,83.4
Uva,2020,4,0.1
Zarzamora,2020,4,165.2
Berenjena,2020,3,37.7
Brocolí,2020,3,170.6
Calabacita,2020,3,152.9
Cebolla,2020,3,159.9
Chile verde,2020,3,112.4
Coliflor,2020,3,194.5
Durazno,2020,3,101.3
EspÃ¡rrago,2020,3,437.2
Frambuesa,2020,3,323.8
Fresa,2020,3,125.2
Frijol,2020,3,151.6
Garbanzo grano,2020,3,113.1
Guayaba,2020,3,116
Lechuga,2020,3,138.4
Limón,2020,3,77
Mango,2020,3,123.5
Manzana,2020,3,0
Melón,2020,3,284.2
Naranja,2020,3,197.3
Nopalitos,2020,3,137
Nuez,2020,3,0
Papa,2020,3,210.9
Papaya,2020,3,159
Pepino,2020,3,256.7
Pera,2020,3,0
PiÃ±a,2020,3,157.9
PlÃ¡tano,2020,3,101.7
SandÃ­a,2020,3,252.8
Tomate rojo (jitomate),2020,3,115.9
Tomate verde,2020,3,152.9
Toronja (pomelo),2020,3,100.1
Uva,2020,3,0
Zarzamora,2020,3,46
Berenjena,2020,2,336.4
Brocolí,2020,2,164.5
Calabacita,2020,2,135.8
Cebolla,2020,2,127.6
Chile verde,2020,2,138.3
Coliflor,2020,2,199.6
Durazno,2020,2,8.4
EspÃ¡rrago,2020,2,792.7
Frambuesa,2020,2,290.3
Fresa,2020,2,136.4
Frijol,2020,2,214.7
Garbanzo grano,2020,2,33.8
Guayaba,2020,2,18.9
Lechuga,2020,2,214.1
Limón,2020,2,98.4
Mango,2020,2,110.2
Manzana,2020,2,0
Melón,2020,2,102.2
Naranja,2020,2,145.7
Nopalitos,2020,2,99.2
Nuez,2020,2,0
Papa,2020,2,135.5
Papaya,2020,2,138.3
Pepino,2020,2,374.2
Pera,2020,2,0
PiÃ±a,2020,2,108.4
PlÃ¡tano,2020,2,92.1
SandÃ­a,2020,2,140.6
Tomate rojo (jitomate),2020,2,130.2
Tomate verde,2020,2,134.4
Toronja (pomelo),2020,2,69.9
Uva,2020,2,0
Zarzamora,2020,2,309.6
Berenjena,2020,1,763
Brocolí,2020,1,138.1
Calabacita,2020,1,68.5
Cebolla,2020,1,115.2
Chile verde,2020,1,132.8
Coliflor,2020,1,57.4
Durazno,2020,1,0.1
EspÃ¡rrago,2020,1,530.1
Frambuesa,2020,1,245
Fresa,2020,1,382.3
Frijol,2020,1,43.8
Garbanzo grano,2020,1,4.6
Guayaba,2020,1,50.1
Lechuga,2020,1,221.4
Limón,2020,1,152.1
Mango,2020,1,50.2
Manzana,2020,1,0
Melón,2020,1,77.4
Naranja,2020,1,122.6
Nopalitos,2020,1,39.1
Nuez,2020,1,0
Papa,2020,1,11.5
Papaya,2020,1,129.9
Pepino,2020,1,284.4
Pera,2020,1,0
PiÃ±a,2020,1,145.6
PlÃ¡tano,2020,1,116.1
SandÃ­a,2020,1,57.1
Tomate rojo (jitomate),2020,1,173
Tomate verde,2020,1,92.4
Toronja (pomelo),2020,1,209.2
Uva,2020,1,0
Zarzamora,2020,1,187.1
Berenjena,2021,12,264.2
Brocolí,2021,12,49.3
Calabacita,2021,12,100.7
Cebolla,2021,12,101.8
Chile verde,2021,12,145
Coliflor,2021,12,24.8
Durazno,2021,12,38.1
EspÃ¡rrago,2021,12,205.6
Frambuesa,2021,12,972.6
Fresa,2021,12,119.2
Frijol,2021,12,185.8
Garbanzo grano,2021,12,2.8
Guayaba,2021,12,168
Lechuga,2021,12,48.6
Limón,2021,12,148.1
Mango,2021,12,0.5
Manzana,2021,12,2.8
Melón,2021,12,26.7
Naranja,2021,12,73.4
Nopalitos,2021,12,48.4
Nuez,2021,12,338.4
Papa,2021,12,52.4
Papaya,2021,12,142.8
Pepino,2021,12,219.8
Pera,2021,12,16
PiÃ±a,2021,12,52
PlÃ¡tano,2021,12,86.6
SandÃ­a,2021,12,43.8
Tomate rojo (jitomate),2021,12,153.3
Tomate verde,2021,12,82.1
Toronja (pomelo),2021,12,71.1
Uva,2021,12,13.5
Zarzamora,2021,12,172.2
Berenjena,2021,11,5.8
Brocolí,2021,11,153.5
Calabacita,2021,11,190.5
Cebolla,2021,11,108.2
Chile verde,2021,11,217.3
Coliflor,2021,11,71.2
Durazno,2021,11,17.7
EspÃ¡rrago,2021,11,132.4
Frambuesa,2021,11,319.1
Fresa,2021,11,29.7
Frijol,2021,11,359.2
Garbanzo grano,2021,11,6.6
Guayaba,2021,11,270.8
Lechuga,2021,11,33
Limón,2021,11,178.3
Mango,2021,11,2.1
Manzana,2021,11,4.1
Melón,2021,11,57
Naranja,2021,11,81.4
Nopalitos,2021,11,47
Nuez,2021,11,889.2
Papa,2021,11,155.9
Papaya,2021,11,133.4
Pepino,2021,11,196.7
Pera,2021,11,16.8
PiÃ±a,2021,11,96.8
PlÃ¡tano,2021,11,95.2
SandÃ­a,2021,11,142
Tomate rojo (jitomate),2021,11,185.4
Tomate verde,2021,11,91.5
Toronja (pomelo),2021,11,175.7
Uva,2021,11,13.8
Zarzamora,2021,11,162.7
Berenjena,2021,10,13.7
Brocolí,2021,10,252.1
Calabacita,2021,10,150.7
Cebolla,2021,10,83.6
Chile verde,2021,10,203.1
Coliflor,2021,10,338.3
Durazno,2021,10,388.8
EspÃ¡rrago,2021,10,79.9
Frambuesa,2021,10,484.4
Fresa,2021,10,34.4
Frijol,2021,10,107.3
Garbanzo grano,2021,10,0
Guayaba,2021,10,232.3
Lechuga,2021,10,176.1
Limón,2021,10,185.7
Mango,2021,10,5.6
Manzana,2021,10,80.6
Melón,2021,10,43.8
Naranja,2021,10,52.2
Nopalitos,2021,10,60.9
Nuez,2021,10,300.4
Papa,2021,10,118.7
Papaya,2021,10,140.4
Pepino,2021,10,117
Pera,2021,10,44.7
PiÃ±a,2021,10,213
PlÃ¡tano,2021,10,98.3
SandÃ­a,2021,10,72.4
Tomate rojo (jitomate),2021,10,239.1
Tomate verde,2021,10,155.1
Toronja (pomelo),2021,10,69.4
Uva,2021,10,69.9
Zarzamora,2021,10,160.5
Berenjena,2021,9,1.3
Brocolí,2021,9,147.7
Calabacita,2021,9,110.7
Cebolla,2021,9,98.6
Chile verde,2021,9,234.1
Coliflor,2021,9,239.2
Durazno,2021,9,240.5
EspÃ¡rrago,2021,9,131.5
Frambuesa,2021,9,123.8
Fresa,2021,9,153.8
Frijol,2021,9,38.5
Garbanzo grano,2021,9,0.2
Guayaba,2021,9,52.6
Lechuga,2021,9,160
Limón,2021,9,182.8
Mango,2021,9,94.4
Manzana,2021,9,784.5
Melón,2021,9,98.3
Naranja,2021,9,43.2
Nopalitos,2021,9,89.4
Nuez,2021,9,9.7
Papa,2021,9,102.3
Papaya,2021,9,151.5
Pepino,2021,9,80.6
Pera,2021,9,162.7
PiÃ±a,2021,9,135
PlÃ¡tano,2021,9,109.8
SandÃ­a,2021,9,122
Tomate rojo (jitomate),2021,9,123
Tomate verde,2021,9,170.2
Toronja (pomelo),2021,9,106.9
Uva,2021,9,42.2
Zarzamora,2021,9,86.8
Berenjena,2021,8,120.2
Brocolí,2021,8,112.2
Calabacita,2021,8,146.6
Cebolla,2021,8,79.3
Chile verde,2021,8,171.1
Coliflor,2021,8,163.5
Durazno,2021,8,347.1
EspÃ¡rrago,2021,8,128.9
Frambuesa,2021,8,61.8
Fresa,2021,8,14.6
Frijol,2021,8,25.2
Garbanzo grano,2021,8,0.2
Guayaba,2021,8,53.6
Lechuga,2021,8,146.9
Limón,2021,8,192.1
Mango,2021,8,165.4
Manzana,2021,8,219.5
Melón,2021,8,96.3
Naranja,2021,8,62.8
Nopalitos,2021,8,128.8
Nuez,2021,8,4.6
Papa,2021,8,58.7
Papaya,2021,8,153.2
Pepino,2021,8,80.5
Pera,2021,8,472.4
PiÃ±a,2021,8,269.1
PlÃ¡tano,2021,8,112
SandÃ­a,2021,8,84
Tomate rojo (jitomate),2021,8,130.1
Tomate verde,2021,8,128.2
Toronja (pomelo),2021,8,102.3
Uva,2021,8,90.8
Zarzamora,2021,8,2.3
Berenjena,2021,7,26.6
Brocolí,2021,7,100.1
Calabacita,2021,7,61.8
Cebolla,2021,7,77.4
Chile verde,2021,7,131.8
Coliflor,2021,7,157.5
Durazno,2021,7,203.1
EspÃ¡rrago,2021,7,228.6
Frambuesa,2021,7,66.3
Fresa,2021,7,11.6
Frijol,2021,7,6.7
Garbanzo grano,2021,7,24.5
Guayaba,2021,7,57.9
Lechuga,2021,7,193.7
Limón,2021,7,187.6
Mango,2021,7,232.7
Manzana,2021,7,15.6
Melón,2021,7,73.5
Naranja,2021,7,51.8
Nopalitos,2021,7,96.2
Nuez,2021,7,0
Papa,2021,7,91.4
Papaya,2021,7,188.3
Pepino,2021,7,112.8
Pera,2021,7,275.1
PiÃ±a,2021,7,151.3
PlÃ¡tano,2021,7,147.8
SandÃ­a,2021,7,46.4
Tomate rojo (jitomate),2021,7,101.7
Tomate verde,2021,7,73
Toronja (pomelo),2021,7,169.7
Uva,2021,7,404.2
Zarzamora,2021,7,6.9
Berenjena,2021,6,9
Brocolí,2021,6,63.4
Calabacita,2021,6,118.6
Cebolla,2021,6,77.1
Chile verde,2021,6,73.6
Coliflor,2021,6,65.9
Durazno,2021,6,223.9
EspÃ¡rrago,2021,6,145.6
Frambuesa,2021,6,251.6
Fresa,2021,6,256.3
Frijol,2021,6,11.1
Garbanzo grano,2021,6,98.2
Guayaba,2021,6,134.2
Lechuga,2021,6,62.9
Limón,2021,6,148.2
Mango,2021,6,335.2
Manzana,2021,6,0.9
Melón,2021,6,140.3
Naranja,2021,6,165.7
Nopalitos,2021,6,139.8
Nuez,2021,6,0
Papa,2021,6,139.1
Papaya,2021,6,179.5
Pepino,2021,6,161.4
Pera,2021,6,171
PiÃ±a,2021,6,476.4
PlÃ¡tano,2021,6,149.4
SandÃ­a,2021,6,188.6
Tomate rojo (jitomate),2021,6,109.3
Tomate verde,2021,6,106.6
Toronja (pomelo),2021,6,58.6
Uva,2021,6,653.7
Zarzamora,2021,6,171.8
Berenjena,2021,5,165.2
Brocolí,2021,5,206.8
Calabacita,2021,5,208
Cebolla,2021,5,144
Chile verde,2021,5,102.1
Coliflor,2021,5,234.8
Durazno,2021,5,98.3
EspÃ¡rrago,2021,5,94.3
Frambuesa,2021,5,515.1
Fresa,2021,5,400
Frijol,2021,5,27.3
Garbanzo grano,2021,5,115.2
Guayaba,2021,5,91.4
Lechuga,2021,5,87.8
Limón,2021,5,131.4
Mango,2021,5,272
Manzana,2021,5,0
Melón,2021,5,132.6
Naranja,2021,5,172.6
Nopalitos,2021,5,144.8
Nuez,2021,5,0
Papa,2021,5,134.2
Papaya,2021,5,251.3
Pepino,2021,5,251.1
Pera,2021,5,0
PiÃ±a,2021,5,273.7
PlÃ¡tano,2021,5,150.9
SandÃ­a,2021,5,263.2
Tomate rojo (jitomate),2021,5,127.4
Tomate verde,2021,5,166.7
Toronja (pomelo),2021,5,132
Uva,2021,5,158.7
Zarzamora,2021,5,195
Berenjena,2021,4,394.8
Brocolí,2021,4,234.5
Calabacita,2021,4,215.5
Cebolla,2021,4,124.1
Chile verde,2021,4,98
Coliflor,2021,4,229.9
Durazno,2021,4,20.3
EspÃ¡rrago,2021,4,406.4
Frambuesa,2021,4,235.4
Fresa,2021,4,106.1
Frijol,2021,4,53.2
Garbanzo grano,2021,4,311
Guayaba,2021,4,109.7
Lechuga,2021,4,165.8
Limón,2021,4,67.1
Mango,2021,4,181.2
Manzana,2021,4,0
Melón,2021,4,255.6
Naranja,2021,4,174.4
Nopalitos,2021,4,246.5
Nuez,2021,4,0
Papa,2021,4,187.3
Papaya,2021,4,146.5
Pepino,2021,4,238.3
Pera,2021,4,0
PiÃ±a,2021,4,114
PlÃ¡tano,2021,4,99.3
SandÃ­a,2021,4,155.6
Tomate rojo (jitomate),2021,4,85.9
Tomate verde,2021,4,155.6
Toronja (pomelo),2021,4,84.1
Uva,2021,4,0
Zarzamora,2021,4,197
Berenjena,2021,3,278.7
Brocolí,2021,3,201.1
Calabacita,2021,3,147.8
Cebolla,2021,3,167.9
Chile verde,2021,3,162.2
Coliflor,2021,3,236.6
Durazno,2021,3,83.1
EspÃ¡rrago,2021,3,371.4
Frambuesa,2021,3,217.7
Fresa,2021,3,104.2
Frijol,2021,3,140.6
Garbanzo grano,2021,3,234.3
Guayaba,2021,3,19
Lechuga,2021,3,146
Limón,2021,3,91
Mango,2021,3,135.2
Manzana,2021,3,0
Melón,2021,3,143.8
Naranja,2021,3,194.7
Nopalitos,2021,3,136.1
Nuez,2021,3,0
Papa,2021,3,223.1
Papaya,2021,3,171.1
Pepino,2021,3,306.9
Pera,2021,3,0
PiÃ±a,2021,3,175.4
PlÃ¡tano,2021,3,117.6
SandÃ­a,2021,3,236.7
Tomate rojo (jitomate),2021,3,123
Tomate verde,2021,3,190.4
Toronja (pomelo),2021,3,84.6
Uva,2021,3,0
Zarzamora,2021,3,138.1
Berenjena,2021,2,554.4
Brocolí,2021,2,143.5
Calabacita,2021,2,160.6
Cebolla,2021,2,110.8
Chile verde,2021,2,118.8
Coliflor,2021,2,180.5
Durazno,2021,2,4.1
EspÃ¡rrago,2021,2,723.9
Frambuesa,2021,2,359.6
Fresa,2021,2,52.2
Frijol,2021,2,203.9
Garbanzo grano,2021,2,66
Guayaba,2021,2,25
Lechuga,2021,2,123.7
Limón,2021,2,96
Mango,2021,2,113.2
Manzana,2021,2,0
Melón,2021,2,89.8
Naranja,2021,2,137.2
Nopalitos,2021,2,87.5
Nuez,2021,2,0
Papa,2021,2,156.8
Papaya,2021,2,148.5
Pepino,2021,2,415.1
Pera,2021,2,0
PiÃ±a,2021,2,128.9
PlÃ¡tano,2021,2,91
SandÃ­a,2021,2,84.2
Tomate rojo (jitomate),2021,2,120.8
Tomate verde,2021,2,100.5
Toronja (pomelo),2021,2,176
Uva,2021,2,0
Zarzamora,2021,2,222.4
Berenjena,2021,1,566.5
Brocolí,2021,1,78.4
Calabacita,2021,1,89.3
Cebolla,2021,1,73.6
Chile verde,2021,1,131.3
Coliflor,2021,1,75.1
Durazno,2021,1,0.1
EspÃ¡rrago,2021,1,603.2
Frambuesa,2021,1,254.5
Fresa,2021,1,110.4
Frijol,2021,1,36
Garbanzo grano,2021,1,4.3
Guayaba,2021,1,54.2
Lechuga,2021,1,232.7
Limón,2021,1,125.1
Mango,2021,1,46.6
Manzana,2021,1,0
Melón,2021,1,74
Naranja,2021,1,111.7
Nopalitos,2021,1,37.9
Nuez,2021,1,0
Papa,2021,1,53.7
Papaya,2021,1,112.5
Pepino,2021,1,318.4
Pera,2021,1,0
PiÃ±a,2021,1,146.2
PlÃ¡tano,2021,1,95.8
SandÃ­a,2021,1,55.5
Tomate rojo (jitomate),2021,1,160.6
Tomate verde,2021,1,129.8
Toronja (pomelo),2021,1,142.3
Uva,2021,1,0
Zarzamora,2021,1,207
Berenjena,2022,12,243.9
Brocolí,2022,12,90.7
Calabacita,2022,12,69
Cebolla,2022,12,117
Chile verde,2022,12,185.6
Coliflor,2022,12,39.9
Durazno,2022,12,27.9
EspÃ¡rrago,2022,12,240.4
Frambuesa,2022,12,"1,024.80"
Fresa,2022,12,50.9
Frijol,2022,12,185.9
Garbanzo grano,2022,12,10.6
Guayaba,2022,12,237.6
Lechuga,2022,12,18
Limón,2022,12,157.6
Mango,2022,12,0.4
Manzana,2022,12,2.6
Melón,2022,12,81.3
Naranja,2022,12,118.1
Nopalitos,2022,12,46.7
Nuez,2022,12,712.6
Papa,2022,12,77.6
Papaya,2022,12,179.1
Pepino,2022,12,156.9
Pera,2022,12,34.8
PiÃ±a,2022,12,36.4
PlÃ¡tano,2022,12,119.2
SandÃ­a,2022,12,127.5
Tomate rojo (jitomate),2022,12,187.7
Tomate verde,2022,12,80.6
Toronja (pomelo),2022,12,157.4
Uva,2022,12,2
Zarzamora,2022,12,166.7
Berenjena,2022,11,25.3
Brocolí,2022,11,184.4
Calabacita,2022,11,114.9
Cebolla,2022,11,90.6
Chile verde,2022,11,226.3
Coliflor,2022,11,254.6
Durazno,2022,11,25.7
EspÃ¡rrago,2022,11,93.7
Frambuesa,2022,11,"1,078.60"
Fresa,2022,11,29.6
Frijol,2022,11,237.2
Garbanzo grano,2022,11,2
Guayaba,2022,11,226
Lechuga,2022,11,34.8
Limón,2022,11,153.8
Mango,2022,11,1.7
Manzana,2022,11,2.4
Melón,2022,11,127.8
Naranja,2022,11,89.3
Nopalitos,2022,11,64.6
Nuez,2022,11,947.7
Papa,2022,11,143.5
Papaya,2022,11,172.6
Pepino,2022,11,182.8
Pera,2022,11,37.7
PiÃ±a,2022,11,26.6
PlÃ¡tano,2022,11,125.5
SandÃ­a,2022,11,125.1
Tomate rojo (jitomate),2022,11,233
Tomate verde,2022,11,96.5
Toronja (pomelo),2022,11,93.7
Uva,2022,11,25.5
Zarzamora,2022,11,158.6
Berenjena,2022,10,140.2
Brocolí,2022,10,248.1
Calabacita,2022,10,133.3
Cebolla,2022,10,106.9
Chile verde,2022,10,253.4
Coliflor,2022,10,278.4
Durazno,2022,10,59.1
EspÃ¡rrago,2022,10,79.3
Frambuesa,2022,10,350.4
Fresa,2022,10,27.5
Frijol,2022,10,66.9
Garbanzo grano,2022,10,0
Guayaba,2022,10,190.9
Lechuga,2022,10,147.8
Limón,2022,10,272.4
Mango,2022,10,14.5
Manzana,2022,10,125.9
Melón,2022,10,39.1
Naranja,2022,10,52.3
Nopalitos,2022,10,83
Nuez,2022,10,318.4
Papa,2022,10,124.2
Papaya,2022,10,166.9
Pepino,2022,10,158.3
Pera,2022,10,107.1
PiÃ±a,2022,10,88
PlÃ¡tano,2022,10,108.9
SandÃ­a,2022,10,80.5
Tomate rojo (jitomate),2022,10,232.9
Tomate verde,2022,10,183.3
Toronja (pomelo),2022,10,74
Uva,2022,10,60.5
Zarzamora,2022,10,149.7
Berenjena,2022,9,5.6
Brocolí,2022,9,149.1
Calabacita,2022,9,97.3
Cebolla,2022,9,95.1
Chile verde,2022,9,195.3
Coliflor,2022,9,104
Durazno,2022,9,597.6
EspÃ¡rrago,2022,9,149.5
Frambuesa,2022,9,215.3
Fresa,2022,9,121.1
Frijol,2022,9,26.7
Garbanzo grano,2022,9,0
Guayaba,2022,9,40.4
Lechuga,2022,9,248.3
Limón,2022,9,200
Mango,2022,9,93.5
Manzana,2022,9,738.3
Melón,2022,9,35
Naranja,2022,9,36.4
Nopalitos,2022,9,92.7
Nuez,2022,9,12.7
Papa,2022,9,100.6
Papaya,2022,9,171.6
Pepino,2022,9,126.2
Pera,2022,9,141.7
PiÃ±a,2022,9,58.9
PlÃ¡tano,2022,9,123.3
SandÃ­a,2022,9,102.6
Tomate rojo (jitomate),2022,9,126.2
Tomate verde,2022,9,117.3
Toronja (pomelo),2022,9,88.1
Uva,2022,9,57.8
Zarzamora,2022,9,144
Berenjena,2022,8,59
Brocolí,2022,8,100.4
Calabacita,2022,8,113.1
Cebolla,2022,8,85
Chile verde,2022,8,157.5
Coliflor,2022,8,285.7
Durazno,2022,8,443.4
EspÃ¡rrago,2022,8,118.7
Frambuesa,2022,8,118.4
Fresa,2022,8,26.4
Frijol,2022,8,20
Garbanzo grano,2022,8,0.1
Guayaba,2022,8,131.6
Lechuga,2022,8,144.3
Limón,2022,8,160.4
Mango,2022,8,165.7
Manzana,2022,8,214.4
Melón,2022,8,103.7
Naranja,2022,8,89.4
Nopalitos,2022,8,97.3
Nuez,2022,8,4.8
Papa,2022,8,74.1
Papaya,2022,8,149
Pepino,2022,8,72.4
Pera,2022,8,515
PiÃ±a,2022,8,277.5
PlÃ¡tano,2022,8,130.2
SandÃ­a,2022,8,62.4
Tomate rojo (jitomate),2022,8,147.7
Tomate verde,2022,8,127.7
Toronja (pomelo),2022,8,206.2
Uva,2022,8,108.8
Zarzamora,2022,8,3.3
Berenjena,2022,7,13.8
Brocolí,2022,7,109.4
Calabacita,2022,7,79.5
Cebolla,2022,7,90.1
Chile verde,2022,7,93.1
Coliflor,2022,7,194.3
Durazno,2022,7,180.7
EspÃ¡rrago,2022,7,163.8
Frambuesa,2022,7,129.7
Fresa,2022,7,11.6
Frijol,2022,7,5.2
Garbanzo grano,2022,7,22.1
Guayaba,2022,7,17.2
Lechuga,2022,7,178.1
Limón,2022,7,139.4
Mango,2022,7,253.5
Manzana,2022,7,15.6
Melón,2022,7,79.7
Naranja,2022,7,50.5
Nopalitos,2022,7,84.6
Nuez,2022,7,0
Papa,2022,7,64.9
Papaya,2022,7,148.2
Pepino,2022,7,64.8
Pera,2022,7,100.7
PiÃ±a,2022,7,170.9
PlÃ¡tano,2022,7,139.5
SandÃ­a,2022,7,49.1
Tomate rojo (jitomate),2022,7,120.4
Tomate verde,2022,7,91
Toronja (pomelo),2022,7,36.1
Uva,2022,7,472.6
Zarzamora,2022,7,12.2
Berenjena,2022,6,70.1
Brocolí,2022,6,52.8
Calabacita,2022,6,57.6
Cebolla,2022,6,92
Chile verde,2022,6,67.6
Coliflor,2022,6,65.5
Durazno,2022,6,267.3
EspÃ¡rrago,2022,6,105.6
Frambuesa,2022,6,231
Fresa,2022,6,147.4
Frijol,2022,6,7.5
Garbanzo grano,2022,6,68.5
Guayaba,2022,6,179.4
Lechuga,2022,6,74.5
Limón,2022,6,166.3
Mango,2022,6,333.3
Manzana,2022,6,0.9
Melón,2022,6,130.6
Naranja,2022,6,128.6
Nopalitos,2022,6,136.4
Nuez,2022,6,0
Papa,2022,6,116.5
Papaya,2022,6,170.8
Pepino,2022,6,126.6
Pera,2022,6,198.9
PiÃ±a,2022,6,259.6
PlÃ¡tano,2022,6,125.1
SandÃ­a,2022,6,124.8
Tomate rojo (jitomate),2022,6,102.6
Tomate verde,2022,6,109.5
Toronja (pomelo),2022,6,107.5
Uva,2022,6,679.3
Zarzamora,2022,6,76.3
Berenjena,2022,5,108.1
Brocolí,2022,5,142.9
Calabacita,2022,5,146.2
Cebolla,2022,5,162
Chile verde,2022,5,86.8
Coliflor,2022,5,129.3
Durazno,2022,5,93.3
EspÃ¡rrago,2022,5,119.5
Frambuesa,2022,5,461.4
Fresa,2022,5,392.5
Frijol,2022,5,21.3
Garbanzo grano,2022,5,178.5
Guayaba,2022,5,53.9
Lechuga,2022,5,153.5
Limón,2022,5,117.9
Mango,2022,5,250.2
Manzana,2022,5,0
Melón,2022,5,151.6
Naranja,2022,5,136.8
Nopalitos,2022,5,157.5
Nuez,2022,5,0
Papa,2022,5,149.5
Papaya,2022,5,201.6
Pepino,2022,5,161.3
Pera,2022,5,37
PiÃ±a,2022,5,308.9
PlÃ¡tano,2022,5,138.1
SandÃ­a,2022,5,245.8
Tomate rojo (jitomate),2022,5,118.7
Tomate verde,2022,5,136.3
Toronja (pomelo),2022,5,150.9
Uva,2022,5,125.6
Zarzamora,2022,5,255.4
Berenjena,2022,4,289.9
Brocolí,2022,4,219.1
Calabacita,2022,4,197.5
Cebolla,2022,4,169.9
Chile verde,2022,4,107.3
Coliflor,2022,4,256.3
Durazno,2022,4,65.7
EspÃ¡rrago,2022,4,258.4
Frambuesa,2022,4,189.5
Fresa,2022,4,164.1
Frijol,2022,4,48.1
Garbanzo grano,2022,4,197.7
Guayaba,2022,4,121.7
Lechuga,2022,4,119.4
Limón,2022,4,97.3
Mango,2022,4,185.6
Manzana,2022,4,0
Melón,2022,4,246.6
Naranja,2022,4,202.6
Nopalitos,2022,4,246.9
Nuez,2022,4,0
Papa,2022,4,132
Papaya,2022,4,148.8
Pepino,2022,4,262.4
Pera,2022,4,0
PiÃ±a,2022,4,175.1
PlÃ¡tano,2022,4,116.9
SandÃ­a,2022,4,203.1
Tomate rojo (jitomate),2022,4,109
Tomate verde,2022,4,165.5
Toronja (pomelo),2022,4,120.9
Uva,2022,4,0
Zarzamora,2022,4,199
Berenjena,2022,3,341.6
Brocolí,2022,3,234.7
Calabacita,2022,3,219.3
Cebolla,2022,3,109.3
Chile verde,2022,3,145.9
Coliflor,2022,3,280.4
Durazno,2022,3,63.1
EspÃ¡rrago,2022,3,340
Frambuesa,2022,3,231.2
Fresa,2022,3,131
Frijol,2022,3,186.9
Garbanzo grano,2022,3,367
Guayaba,2022,3,27.9
Lechuga,2022,3,183.1
Limón,2022,3,113.9
Mango,2022,3,141.2
Manzana,2022,3,0
Melón,2022,3,141.9
Naranja,2022,3,189.4
Nopalitos,2022,3,132.9
Nuez,2022,3,0
Papa,2022,3,232.6
Papaya,2022,3,157.4
Pepino,2022,3,316.7
Pera,2022,3,0
PiÃ±a,2022,3,139.8
PlÃ¡tano,2022,3,136.7
SandÃ­a,2022,3,212.5
Tomate rojo (jitomate),2022,3,114.4
Tomate verde,2022,3,161.1
Toronja (pomelo),2022,3,164.1
Uva,2022,3,0
Zarzamora,2022,3,175.4
Berenjena,2022,2,486.2
Brocolí,2022,2,222.1
Calabacita,2022,2,191.6
Cebolla,2022,2,119.1
Chile verde,2022,2,142.3
Coliflor,2022,2,152.8
Durazno,2022,2,10.8
EspÃ¡rrago,2022,2,806.7
Frambuesa,2022,2,408.1
Fresa,2022,2,167.2
Frijol,2022,2,171.7
Garbanzo grano,2022,2,109.7
Guayaba,2022,2,67.3
Lechuga,2022,2,112.4
Limón,2022,2,128.5
Mango,2022,2,112.9
Manzana,2022,2,0
Melón,2022,2,81
Naranja,2022,2,150.9
Nopalitos,2022,2,87.4
Nuez,2022,2,0
Papa,2022,2,148.2
Papaya,2022,2,127.2
Pepino,2022,2,349.4
Pera,2022,2,0
PiÃ±a,2022,2,382.2
PlÃ¡tano,2022,2,87.7
SandÃ­a,2022,2,83.7
Tomate rojo (jitomate),2022,2,129.6
Tomate verde,2022,2,111.9
Toronja (pomelo),2022,2,167.1
Uva,2022,2,0
Zarzamora,2022,2,232.9
Berenjena,2022,1,327.5
Brocolí,2022,1,111.7
Calabacita,2022,1,197.4
Cebolla,2022,1,74.5
Chile verde,2022,1,110.8
Coliflor,2022,1,111.5
Durazno,2022,1,0
EspÃ¡rrago,2022,1,541.6
Frambuesa,2022,1,208.2
Fresa,2022,1,109.4
Frijol,2022,1,31
Garbanzo grano,2022,1,4.1
Guayaba,2022,1,4.3
Lechuga,2022,1,257.6
Limón,2022,1,94.6
Mango,2022,1,45.2
Manzana,2022,1,0
Melón,2022,1,87.6
Naranja,2022,1,123
Nopalitos,2022,1,38.7
Nuez,2022,1,0
Papa,2022,1,17.2
Papaya,2022,1,120.8
Pepino,2022,1,321.7
Pera,2022,1,0
PiÃ±a,2022,1,79.3
PlÃ¡tano,2022,1,101.5
SandÃ­a,2022,1,50.7
Tomate rojo (jitomate),2022,1,163.5
Tomate verde,2022,1,75.8
Toronja (pomelo),2022,1,73.9
Uva,2022,1,0
Zarzamora,2022,1,229.1
